-- phpMyAdmin SQL Dump
-- version 5.2.0
-- https://www.phpmyadmin.net/
--
-- Host: emuem001.mysql.guardedhost.com
-- Generation Time: Apr 30, 2023 at 03:21 AM
-- Server version: 10.4.22-MariaDB-1:10.4.22+maria~buster
-- PHP Version: 8.1.17

SET SQL_MODE = "NO_AUTO_VALUE_ON_ZERO";
START TRANSACTION;
SET time_zone = "+00:00";


/*!40101 SET @OLD_CHARACTER_SET_CLIENT=@@CHARACTER_SET_CLIENT */;
/*!40101 SET @OLD_CHARACTER_SET_RESULTS=@@CHARACTER_SET_RESULTS */;
/*!40101 SET @OLD_COLLATION_CONNECTION=@@COLLATION_CONNECTION */;
/*!40101 SET NAMES utf8mb4 */;

--
-- Database: `emuem001_grading`
--

-- --------------------------------------------------------

--
-- Table structure for table `comments`
--

DROP TABLE IF EXISTS `comments`;
CREATE TABLE `comments` (
  `id` int(10) NOT NULL DEFAULT 0,
  `judge_name` mediumtext CHARACTER SET utf8mb4 DEFAULT NULL,
  `team_name` varchar(100) CHARACTER SET utf8mb4 DEFAULT NULL,
  `question_asked` longtext CHARACTER SET utf8mb4 DEFAULT NULL
) ENGINE=InnoDB DEFAULT CHARSET=utf8;

--
-- Dumping data for table `comments`
--

INSERT INTO `comments` (`id`, `judge_name`, `team_name`, `question_asked`) VALUES
(185, 'Mohamad Qatu', 'Team Watta-Box', ''),
(186, 'Mohamad Qatu', 'Riverboat Clinic', ''),
(187, 'Sufian Qrunfleh', 'Portable Air Filtration Device', 'This is a fantastic idea! I love it!\r\nDo you think you can have this device work using a battery charge instead of plugged in?\r\nEspecially for the portable device. Thank you!'),
(188, 'Sufian Qrunfleh', 'AI Music Tracker', 'Great idea! You guys are awesome!\r\nWhen you speak softly, you said the app doesn\'t register the voice. Have you guys thought about a microphone and then connect it to your iPhone or the device you installed the app in? Maybe that will help in catching the words. '),
(189, 'Sufian Qrunfleh', 'Riverboat Clinic', 'Great idea! I like it!\r\nMy only concern is how would you transfer patients from the isolated area to this clinic boat? Have you thought about maybe flying a helicopter to transfer the patients to the boat?\r\n '),
(190, 'Sufian Qrunfleh', 'Rainwater Energy Generation', 'Fantastic idea! For the storage tank, do you think we can implement this idea on every house and use the storage water to pump back to consume it  ( pump it back right away after filtering it)?'),
(191, 'Sufian Qrunfleh', 'The Cable Connector', 'Great idea! I see the porotype is made of cardboard. Have you thought about the actual material when you launch your  product :) Do you think plastic will hold and secure the connection?\r\n'),
(192, 'Andrew Monticello', 'Toby Wright & Efe Akinci', 'In your video pitch avoid using the word \"So\".  The pitch seemed well rehearsed but left the viewer with many questions.  If control is a key incentive to using a car how does making an autonomous vehicle satisfy that incentive?  Were things like weather, balancing of the bicycle, and battery range considered?  When stating a fact from a study that study should be specifically called out instead of saying \"A study found\".\r\nLog book is needed to properly evaluate the invention.'),
(193, 'Susan Miller', 'Skellies', 'Very nice presentation! Here are some tips for taking your product to the next step. When identifying the Market Potential, gather some statistics. How many people who wear glasses are having this problem with masks fogging up? You can put together a quick survey and send it out to get some quantitative data. \r\nAnother thing to consider is the social value of your product. You gave us some positive impacts (more people may wear masks), but are there any negative impacts? '),
(194, 'Andrew Monticello', 'ID Pen', 'The online pitch seemed like the presenters were reading off of a cue card and did not rehearse well enough.  The speech was too fast and rushed, with too much content for a pitch.  The design alternatives were very similar and did not address the overall problem statement of document fraud.  It would have been better to identify two different solutions and settle on the pen.\r\nTesting did not result in product improvement, or suggestions for product improvement.\r\nMarket study did not address that this invention would require people to carry an additional form of verification and could be seen as an inconvenience. '),
(195, 'Susan Miller', 'Team Crank', 'This is a very cool idea. Here are my questions for your team.\r\n\r\nDo you have a Log Book? I am only seeing a picture of your product in the Log Book section and can only judge based off of that and your video pitch.\r\n\r\nWhat is targeted market - who are you trying to sell this product to? Is it just iPhone users? \r\n\r\nWhat is the market potential for this? How many people are having this issue and would buy your product? I suggest creating a quick market survey to get some quantitative data.\r\n'),
(196, 'Andrew Monticello', 'AI Music Tracker', 'In video pitch avoid using words \"Um, uh, like, stuff\".  Avoid specifically calling out ownership or work provided. \"I have to\", or \"we ending up choosing Isaac\'s design.\"\r\nThe app has a limited usefulness to just vocal recognition but does not address the instrumentation part of making music.  The other referenced apps and websites also include chords or chord progressions.  The goal  does not incorporate the entirety of music, instead focusing on a vocal tracker.\r\nCosts do not align between sections.  In the product outcome section the app is stated to be free, while in the Cost section a price and service fee are identified. Even a \"free\" app needs to provide a revenue source for backend support.  Time to develop the app is not free, but this could be stated in hours of work required.\r\nPay attention to the log book formatting, make sure answers line up to questions when using column formatting.  Avoid splitting up sections between multiple pages.\r\nIndividual contributions do not need to be identified.  Avoid statements with the word I, unless specifically asked.'),
(197, 'Susan Miller', 'Walking Shipping Container Home', 'This is a really unique idea! Great job with your presentation and log book.\r\n\r\nYou identified some great positive impacts that your product might have for social values. Can you think of any negative impacts that it might have as well? '),
(198, 'Susan Miller', 'W-Arm', 'This is a very interesting concept! I have a few questions for you.\r\n\r\nHow many people are having this problem and would be interested in your solution? \r\n\r\nYou listed some great positive impacts that your product might provide. Can you think of some negative impacts as well? '),
(199, 'Susan Miller', 'The Distance Detector ', '														'),
(201, 'Steve Rohde', 'ID Pen', 'Why not just a fingerprint scanner on the phone?'),
(202, 'Steve Rohde', 'Ice Tray', ''),
(203, 'Steve Rohde', 'FruitFresh', 'How big does device need to be?\r\nCost?'),
(204, 'Emma Barnes', 'ID Pen', ''),
(205, 'Emma Barnes', '2 in 1 Mask', ''),
(206, 'Courtney Dunbar', 'Automatic kelp elevator', 'Hi guys. I really enjoyed your invention. I liked that you are very persistent to save our struggling planet, and you chose something I have never even thought of before. Most people go for usual oil spill cleanup inventions, or garbage clean up inventions which are already out there. But you\'re growing kelp?! Wow! Very cool and neat idea. I just want to say your pitch did feel a little rushed, and you seemed nervous. Don\'t be nervous- you have a pretty cool invention! Slow down, relax and really grab your audiences attentions. If I can make a suggestion, start your pitch off with a hook. Maybe a question or a scenario to really grab your audience\'s attention! I do have one question, will the kelp still adequately grow if there is an overwhelming amount of garbage in the ocean in that area? I was also curious as to why you chose the Pacific Northwest to place the device. I think it\'s a good idea, because the water there stays about the same temperature year around, but also consider things like tsunamis when plotting where to put the device! Overall, an interesting and cool invention. Good luck!'),
(207, 'Courtney Dunbar', 'BeatRunner', 'Hi guys! I really enjoyed listening to your invention idea. I completely agree that music motivates people because when I run at the gym, if I put my music on shuffle and a slow song comes on, I\'m mad because it immediately kills my vibe. I think this is definitely something that could be marketed. I want to also say to start of your pitch by selling the audience. Ask an attention grabbing question or scenario to really capture the audience\'s attention. Overall, nicely done and I can see this being something in the future to have. Good luck!'),
(208, 'Courtney Dunbar', 'Auto Door Sanitizer', 'Hi guys! This was such a cool invention to read about! I think this is very useful and very important to have especially during flu and COVID seasons. It\'s honestly just crucial to have at all times of the year. I think the only questions I have are: How often would it need to be refilled with sanitizing chemicals? And how long would the adhesive last? Other than that, a job well done. Very interesting invention and I hope we have something like this in the future!'),
(209, 'Courtney Dunbar', 'Virtual Assimilation', 'Hello! Wow I am absolutely blown away by the amount of work you put into this! A job well done, definitely. I really like this invention a lot because I suffer from motion sickness myself so this definitely hit home for me. I\'ve always had interest in trying out VR, although I could never do it long because I would probably puke from the dizziness. Your invention would help a lot of people just like me! Despite all the positives, I had to give you half credit on your video pitch because it was a bad link. I know that\'s not something you can control, but maybe post it on Youtube using a public account/viewing. It told me I was forbidden to access the video. Either way, I know you submitted one so it would be unfair to give you a 0/15 on it, so I gave you half credit. This is an awesome invention. Good luck! '),
(210, 'Courtney Dunbar', 'Blue Light Eye Protection', 'Hello! I really liked your idea and thought it was pretty important especially in today\'s time where everyone and anyone is on their phones and computers because we are faced with a global pandemic. I also want to say that your video pitch was the only pitch I\'ve seen that actually made me smile and laugh! I was looking for this aspect in all of the presentations, but yours was the only one that did it for me! I also wanted to say that I liked that you actually hand made a prototype and I could even see it at use! That being said, I did have to score you a 0 on logbook because you do not have one, and also there\'s not much information on different trials and errors during your invention process. I think you should add more details on different trials, add a logbook, and you also need resources to provide support for your invention. Good luck!'),
(211, 'Amy Johnson', 'BeatRunner', 'Nice job! I would definitely use this product if you were able to expand it to include matching music to strokes per minute for a rowing machine. I don\'t think it would be too difficult to modify as you could still likely use the foot pressure sensor to measure when one pushes off to initiate the stroke.\r\nWhile the logbook is for your team, I would keep in mind that it is not *just* for your team. It would be helpful to have more detailed explanation for how you filled out the decision matrix, for example. You may also want to consider eliminating abbreviations (e.g., idk) and more conversational terms and spellings (e.g., random people, lil).\r\nIf you move on to the next round and have a chance to re-record your pitch, I would recommend 1) not having a ceiling fan in the recording frame and 2) changing the color scheme on the slide with the example of the coding as it was very difficult to read. \r\nIt would also be great to include the coding in the log book, as well as the questions and answers you received from your survey of potential users.'),
(212, 'Amy Johnson', 'The Dream Team', 'This is a really cool idea, I just wish I knew more about it. You only used about half of your allotted pitch time, so you had the opportunity to explain more of the process of your feeder\'s design and its features. For example, how does the power cord feed through the tiny hole in the bottom of the feeder? Does it detach from the heating pad or is the hole shown not to scale?\r\n\r\nWhile the logbook is for your team, I would keep in mind that it is not *just* for your team. Here is where you could have included potential user survey questions and responses as well as a more detailed narrative about how the project progressed over time. Also, you may want to reread it to consider if everything in there is something you would want a judge to read. You spent a lot of space in your logbook on the marketing of the product, but very little on the product itself. It may be beneficial to shift your efforts to more closely fit the requirements of the project. '),
(213, 'Amy Johnson', 'Kloehn & Chadha', 'Handy idea! I can definitely see how this would be useful to someone who spends a lot of time in a vehicle. I do wish I understood more about the refinement process for the design. You do a nice job of describing what changes in the design occur, but it is not clear to me why those changes were made. The drawings a helpful, but really tiny in the video viewer so it is hard to make out the details. You had time extra left for your video, so you could have included fewer images per slide in order to make them larger and easier to view. Including a log book would also have made it easier to include more and larger images as well as more details about the project.\r\nSome things I wondered about: Will this fit into different sized cup holders (some are larger than others)? How does the top rubber part accommodate different shaped and sized sauce cups? It looks to be one continuous piece. Also, how does the top fit on to keep spills from happening? How much will this cost to manufacture?'),
(214, 'Amy Johnson', 'Walking Shipping Container Home', 'Such a very cool idea!\r\nIf you are to move to the next round of competition and have the opportunity to re-record your pitch, I\'d consider 1) having the slides take up more of the screen so the information on the slides is a bit larger and easier to see and 2) either not sit in a chair that swivels or be mindful of not swiveling during the presentation.\r\n\r\nI wondered about the cost of moving a home in the more traditional way. You may have had that on one of the slides but I couldn\'t clearly read it and I don\'t recall you talking about it. Also, do you have a sense of how much this system you\'ve designed will cost? Can the system be used separately from the shipping container home if someone liked the idea but wanted a home constructed from wood, let\'s say, or must they be used together? Did you do any potential user surveys? It would be great to include the questions and responses in your log book.\r\nKeep up the good work!'),
(215, 'Amy Johnson', 'Blue Light Eye Protection', 'I completely understand the need for this product, but I wish I knew more about it. Many aspects of the required information are missing. You had a lot of time left for the video, so there was the opportunity to include more information. The log book was also missing, which was another avenue for reporting on the process of the project.\r\nIt feels like an updated version of the old \"blue blocker\" glasses. It would be great to know how these are different. How much would they cost? Did you do any potential user surveys (beyond the guy in the video)? If so, what were the questions and the responses?'),
(216, 'Heidi Daugherty', 'Portable Air Filtration Device', ''),
(217, 'Heidi Daugherty', 'Indoor Eating Bubble', ''),
(218, 'Heidi Daugherty', 'Auto Door Sanitizer', ''),
(219, 'Heidi Daugherty', 'Kloehn & Chadha', ''),
(220, 'Raouf Abbas', 'Toby Wright & Efe Akinci', 'Great Project! The Idea is very Interesting and has a lot of potential. \r\nQ: How did you come to this Idea? how was your journey during your designing process. was this your first Idea?  \r\nyour presentation was very well done! I think it would have been more informative if you had some visuals to aid your explanations.  \r\n\r\n'),
(221, 'Marie Jaster', 'Portable Air Filtration Device', 'I think this is a great invention! My only question is lets say somebody wants to use to clean a bigger space, would they buy multiple devices or would it not be as effective? Also how can we trust that it is effectively cleaning the air? Great job!!!'),
(222, 'Marie Jaster', 'BeatRunner', 'I think this idea is super awesome:) One question  I have is what do you expect the life expectancy to be for this device? How long will it last before you need to get a new one?'),
(223, 'Marie Jaster', 'Riverboat Clinic', 'Super cool idea! A question I have is would this have any negative effects on our environment or the water system? And another thing I was wondering is how much would this all cost to build ?'),
(224, 'Marie Jaster', 'Ice Tray', 'Hey good job! How do you know that this would solve the problem for overheating computers? Do you think there should be a solution that is put inside the computer itself rather than on the outside? '),
(225, 'Marie Jaster', 'Rainwater Energy Generation', 'Hey Cali! I really enjoyed your pitch and think you idea is super cool:) I know you mentioned that this would have to be used probably in warmer climates but how much of the population that needs clean water and electricity, lives in climates that are cooler or drier and could we somehow use this invention to help them too?'),
(226, 'Raouf Abbas', 'Smart Face Shield', 'This Idea is Very Interesting and very helpful especially right now during this pandemic.'),
(227, 'Raouf Abbas', 'Search and Rescue Drone Universal Attachment System (SDUAS)', ''),
(228, 'Andrew Monticello', 'Smart Face Shield', 'Good evaluation of sources, but should also have considered cell  phone sanitization products that do not involve washing, or similar products like Google Glass.  An opportunity exists to improve on the negative response of Google Glass .  Clever alternative to the cell phone screen.  A HUD projector may allow the shield to be replaced with minimal expense.\r\nPresentation material was well understood but speech could have use more practice.  Room to improve presentation by not having to move video image.'),
(229, 'Andrew Monticello', 'Virtual Assimilation', 'Only one source plus personal story for problem statement.  It would have been better to have some interface.  If the original coding source was not available there are many sources to design the top level application without the backend.  Value proposition and market value were not clearly identified.\r\nVideo pitch was not available.'),
(230, 'Marissa Moore', 'Skellies', 'This invention was a really good idea! I know a lot of friends and family who would definitely use one of your masks to prevent their glasses from fogging up! I like how you mentioned that this product could also help ensure people are wearing their masks correctly because their glasses fogging up would no longer pose an issue! '),
(231, 'Marissa Moore', 'Team Crank', 'This was a good idea for people who constantly need to be charging their iPhones! I liked how you thought of a way to make a portable charger that doesn\'t need to charge and won\'t die soon after you start using it! One thing to improve on in the future is your logbook, the only thing that was included under your logbook link was a single picture of your invention! I would have loved to look at your diagrams, research, and overall process while watching your video and learning about your product! '),
(232, 'Marissa Moore', 'Smart Face Shield', 'Your product was such a unique and useful idea! Phones are so gross and collect so many germs, it would be really useful and practical to invest in your invention! Your research, video, and logbook were all very interesting and I enjoyed imagining the benefits of using your product on my trips to the grocery store! '),
(233, 'Marissa Moore', 'Walking Shipping Container Home', 'Your invention was so complex and unique! This idea had never crossed my mind, but I bet this would be especially helpful in areas that are susceptible to hurricanes! I would have like to seen more about the market viability as well as the environmental and societal effects! Great invention and engineering in designing this product!'),
(234, 'Marissa Moore', 'FruitFresh', 'This would definitely be a product that I would buy! I feel like my fresh produce always goes bad, so it was really neat seeing your research in creating a container that helps you keep your fruit fresh and eat/enjoy it at the best time! I love the detail and research that went into designing this invention! '),
(235, 'Tareq Khan', 'Rainwater Energy Generation', 'Interesting idea and good presentation! The power generated from this approach might not enough for powering the 110 V AC home appliances - try to think about how to increase the output voltage and power. You may also use the vibration of rain falling to generate electricity using a piezoelectric element.\r\n\r\n'),
(236, 'Tareq Khan', 'W-Arm', 'Opening and closing windows automatically based on outside and inside temperature is a nice idea! You need to think critically does this approach solves the AC cooling and pollution problem, because opening the window might not be enough to cool the room on a hot summer day. You may think of a fan that will blow air over ice or something like that.'),
(237, 'Tareq Khan', 'The Distance Detector ', 'Nice idea and well done! Next job is to program an Arduino, interface the sensor and the warning light.  '),
(238, 'Tareq Khan', 'Search and Rescue Drone Universal Attachment System (SDUAS)', 'Well done. You need to check with different cameras and verify whether your design is an easy-to-use universal solution.  '),
(239, 'Tareq Khan', '3D Printing Filament Recycling System', 'Interesting idea! Write using clear and short sentences. During oral presentation, make sure the sound is clear and you are showing enthusiasm. '),
(240, 'Emma Barnes', 'Ice Tray', 'The video doesn\'t mention anything about the fan, and I don\'t see it on the final product, was that idea scrapped?'),
(241, 'Emma Barnes', 'FruitFresh', ''),
(242, 'Emma Barnes', '3D Printing Filament Recycling System', 'Presentation lacks energy'),
(243, 'Raouf Abbas', 'Virtual Assimilation', ''),
(244, 'Dan ', 'Indoor Eating Bubble', 'Could you go into more details about the capabilities of the UV light, filters and other mechanical air movement devices?  This might convince me that your product scientifically works.'),
(245, 'Dan ', 'Kloehn & Chadha', 'Is this device encouraging distracted driving by encouraging eating behind the wheel, or does it reduce distracted driving by making sauce locations fixed and more stable?\r\nCould you have done more testing before the final prototype was made to show your invention in use? Explain what you would do?'),
(246, 'Dan ', 'Team Watta-Box', 'Would using aluminum instead of plastic really make the product more recyclable?  Can a metal box vs. a plastic box do more scratching and nick-damage to boats made of coated fiberglass?  Great pitch video.  Excelled prototype.  Could you have done more testing and refining? (i.e., put an adhesive closed cell foam on the bottom of the container to make it float better and do less scratching?'),
(247, 'Dan ', 'Toilet Plunger', 'he social impact was well described on the sanitation side.  But what is the cost to maintain the complexity of the system?  \r\nYou clearly described the design of the product.  But you did not give any cost to build information and possible selling price - what is the premium over a toiletus regularis? (Latin/Greek?)'),
(248, 'Dan ', 'The Cable Connector', 'After reviewing the logbook I can see the magnitude of the USB C cable problems.  Why did I not see any examples for guitars? This made my understanding the  presentation a bit vague.\r\nCan you describe why there were four suction cups?'),
(249, 'Chinedu Terry-Daniel Ifemeje', 'Blue Light Eye Protection', ''),
(250, 'Chinedu Terry-Daniel Ifemeje', 'Automatic kelp elevator', ''),
(251, 'Chinedu Terry-Daniel Ifemeje', '2 in 1 Mask', ''),
(252, 'Jaya Sharma', 'Toby Wright & Efe Akinci', ''),
(253, 'Jaya Sharma', 'AI Music Tracker', ''),
(254, 'Jaya Sharma', '2 in 1 Mask', ''),
(255, 'Chinedu Terry-Daniel Ifemeje', 'Austerberry & Takacs', ''),
(256, 'Jaya Sharma', 'The Dream Team', ''),
(257, 'Jaya Sharma', 'Search and Rescue Drone Universal Attachment System (SDUAS)', ''),
(258, 'Chinedu Terry-Daniel Ifemeje', '3D Printing Filament Recycling System', ''),
(259, 'Michael Armock', 'W-Arm', ''),
(260, 'Michael Armock', 'Skellies', ''),
(261, 'Michael Armock', 'The Dream Team', ''),
(262, 'Michael Armock', 'Austerberry & Takacs', '														'),
(263, 'Michael Armock', 'Toilet Plunger', ''),
(264, 'Suleyman Abdirahman', 'Team Crank', 'I love the idea that you guys have, it will be very practical and something millions of people would use. I really like how you guys plan to use reusable material to build the product. I wish you guys submitted more within the logbook. It would of been nice to be able to see the sketches for the product. It also would of been nice to have more information about the circuit you guys want to use. The video quality was not the best and wish you guys worked on it. Overall the idea is amazing and I hope you guys continues to work on this product so i might buy it for my camping trips.'),
(265, 'Suleyman Abdirahman', 'Team Watta-Box', 'It is a great and Very practical idea, amazing job guys. This product is a very simple idea that solves a problem that we are all dealing with. The logbook was great, had all the information that I wanted to see. The only thing that I would of like to see was having the product floating in sometime of body of water. Overall amazing job, please continue working on this '),
(266, 'Kunal Banerji', 'Indoor Eating Bubble', ''),
(267, 'Kunal Banerji', 'Automatic kelp elevator', ''),
(268, 'Kunal Banerji', 'Auto Door Sanitizer', ''),
(269, 'Kunal Banerji', 'Austerberry & Takacs', ''),
(270, 'Naheed Akhter', 'The Mask Hat', ''),
(271, 'Naheed Akhter', 'The SOS Mini', ''),
(272, 'Naheed Akhter', 'Flexible Mask', ''),
(273, 'Naheed Akhter', 'Team Crank', ''),
(274, 'Naheed Akhter', 'Saline Heritage RoboSwarm', ''),
(275, 'Naheed Akhter', 'TAHAteam', 'test'),
(276, 'Naheed Akhter', 'CleanCube', ''),
(277, 'Anwar ', 'Flexible Mask', ''),
(278, 'Anwar ', 'The Mask Hat', ''),
(279, 'Anwar ', 'The SOS Mini', ''),
(280, 'Anwar ', 'TAHAteam', ''),
(281, 'Anwar ', 'Saline Heritage RoboSwarm', ''),
(282, 'Anwar ', 'CleanCube', ''),
(283, 'Shan Ul Haq', 'S & E Products', ''),
(284, 'Shan Ul Haq', 'CleanCube', ''),
(285, 'Shan Ul Haq', 'TAHAteam', ''),
(286, 'Shan Ul Haq', 'The SOS Mini', ''),
(287, 'Shan Ul Haq', 'The Mask Hat', ''),
(288, 'Shan Ul Haq', 'Flexible Mask', ''),
(289, 'Shan Ul Haq', 'Saline Heritage RoboSwarm', ''),
(290, 'Shan Ul Haq', 'FishersPrice', ''),
(291, 'Shan Ul Haq', 'Sanitization', ''),
(292, 'Shan Ul Haq', 'Jump Start', ''),
(293, 'Anwar ', 'The Distance Detector ', ''),
(294, 'Modeste Niragire', 'The Cable Connector', ''),
(295, 'Modeste Niragire', 'Toilet Plunger', ''),
(296, 'Naheed Akhter', 'Jump Start', ''),
(297, 'Dan S ypsi', 'Jump Start', '');

-- --------------------------------------------------------

--
-- Stand-in structure for view `stut_tot`
-- (See below for the actual view)
--
DROP VIEW IF EXISTS `stut_tot`;
CREATE TABLE `stut_tot` (
`jaid` int(10)
,`team_id` int(11)
,`user_id` int(11)
,`total` decimal(22,2)
);

-- --------------------------------------------------------

--
-- Table structure for table `t`
--

DROP TABLE IF EXISTS `t`;
CREATE TABLE `t` (
  `project_team_name` varchar(100) CHARACTER SET utf8mb4 DEFAULT NULL,
  `GROUP_CONCAT(tu.first_name)` mediumtext CHARACTER SET utf8mb4 DEFAULT NULL,
  `GROUP_CONCAT(email)` mediumtext CHARACTER SET utf8mb4 DEFAULT NULL
) ENGINE=InnoDB DEFAULT CHARSET=utf8;

--
-- Dumping data for table `t`
--

INSERT INTO `t` (`project_team_name`, `GROUP_CONCAT(tu.first_name)`, `GROUP_CONCAT(email)`) VALUES
('Recycled Truss Reinforced Road', 'Tareq,Bryan,Yaseen', 'tareq.khan@emich.edu,bwhitlo1@emich.edu,director@nedscholars.org'),
('Phsyics simulator', 'Laura,Emily,Leon', 'lschubri@emich.edu,ealderm2@emich.edu,lbryson@emich.edu'),
('Low-Cost, 3D Printed Hand', 'Abhijeet,Herman,Vernnaliz', 'hoshing.abhijeet@gmail.com,htang2@emich.edu,vcarrasq@emich.edu'),
('Foldable Mobility Walker (FEET)', 'Abhijeet,Laura,Vernnaliz', 'hoshing.abhijeet@gmail.com,lschubri@emich.edu,vcarrasq@emich.edu'),
('Recycled Plastic Textile (RePlasto)', 'Nick,Swetha,Yaseen', 'nbutkevi@emich.edu,ssadinen@emich.edu,director@nedscholars.org'),
('App Connected Voltage Divider', 'Tareq,Brendon,Kaitlyn', 'tareq.khan@emich.edu,bkociba@emich.edu,kkotcher@emich.edu'),
('Detachable Sole Running Shoe', 'Steve,Vernnaliz,Thomas', 'rohdesteve@gmail.com,vcarrasq@emich.edu,scoutseuby@yahoo.com'),
('The Weigh Can', 'Herman,Tareq,Emily', 'htang2@emich.edu,tareq.khan@emich.edu,ealderm2@emich.edu'),
('Fast Braille Design', 'Steve,Aaron,Jessica', 'rohdesteve@gmail.com,aczapla@emich.edu,jdiestel@emich.edu'),
('Saftey Shade', 'Swetha,Amanda,Boarman', 'ssadinen@emich.edu,astasik@emich.edu,lboarman@emich.edu'),
('Record Player: Reused Electronics', 'Tareq,Bryan,Leah ', 'tareq.khan@emich.edu,bwhitlo1@emich.edu,lhuyser@emich.edu'),
('Biofuel Jet Engine', 'Batoul,Herman,Chapman', 'babdalla@emich.edu,htang2@emich.edu,mchapm13@emich.edu'),
('Bike Prototype', 'Herman,Thomas,Boarman', 'htang2@emich.edu,scoutseuby@yahoo.com,lboarman@emich.edu'),
('Plant H2O Sitter', 'Aaron,Alexander,Amanda', 'aczapla@emich.edu,aneal10@emich.edu,astasik@emich.edu'),
('Solar Charger', 'Rachel ,Rachel ,Yaseen', 'rrhodes7@emich.edu,rrhodes7@emich.edu,director@nedscholars.org'),
('Life Guard', 'Jaya,Lexie,Rebecca', 'jayasharmajdh@gmail.com,amcclos1@emich.edu,rlee38@emich.edu'),
('Trash Boat', 'Lexie,Rachel ,Yaseen', 'amcclos1@emich.edu,rrhodes7@emich.edu,director@nedscholars.org'),
('Methane Detector', 'Naheed,Lexie,Rebecca', 'naheedakhter1@yahoo.com,amcclos1@emich.edu,rlee38@emich.edu'),
('Grip Rings', 'Aaron,Alexander,Boarman', 'aczapla@emich.edu,aneal10@emich.edu,lboarman@emich.edu'),
('Multipurpose Side Runner', 'Steve,Laura,Vernnaliz', 'rohdesteve@gmail.com,lschubri@emich.edu,vcarrasq@emich.edu'),
('Collapse-o-Can', 'Nick,Alexander,Kaitlyn', 'nbutkevi@emich.edu,aneal10@emich.edu,kkotcher@emich.edu'),
('Sunny Side Up', 'Bryan,Chapman,Emily', 'bwhitlo1@emich.edu,mchapm13@emich.edu,ealderm2@emich.edu'),
('Team Charger', 'Herman,Chapman,Kaitlyn', 'htang2@emich.edu,mchapm13@emich.edu,kkotcher@emich.edu'),
('Prepa', 'Amanda,Bryan,Leah ', 'astasik@emich.edu,bwhitlo1@emich.edu,lhuyser@emich.edu'),
('Leaf Me Alone', 'Abhijeet,Laura,Jessica', 'hoshing.abhijeet@gmail.com,lschubri@emich.edu,jdiestel@emich.edu'),
('EcoRinse', 'Nick,Batoul,Peyton', 'nbutkevi@emich.edu,babdalla@emich.edu,pbergma2@emich.edu'),
('Cardboard ATM', 'Peyton,Alexander,Emily', 'pbergma2@emich.edu,aneal10@emich.edu,ealderm2@emich.edu'),
('Magnet Power', 'Abhijeet,Batoul,Thomas', 'hoshing.abhijeet@gmail.com,babdalla@emich.edu,scoutseuby@yahoo.com'),
('RTCA', 'Thomas,Brendon,Leah ', 'scoutseuby@yahoo.com,bkociba@emich.edu,lhuyser@emich.edu'),
('RID', 'Bryan,Chapman,Leah ', 'bwhitlo1@emich.edu,mchapm13@emich.edu,lhuyser@emich.edu'),
('AstroTrack', 'Steve,Laura,Peyton', 'rohdesteve@gmail.com,lschubri@emich.edu,pbergma2@emich.edu'),
('UrbaGrow', 'Nick,Swetha,Jessica', 'nbutkevi@emich.edu,ssadinen@emich.edu,jdiestel@emich.edu'),
('The Dumper Helper', 'Batoul,Brendon,Kaitlyn', 'babdalla@emich.edu,bkociba@emich.edu,kkotcher@emich.edu'),
('Doggy Door', 'Peyton,Amanda,Leon', 'pbergma2@emich.edu,astasik@emich.edu,lbryson@emich.edu'),
('Terratracer', 'Aaron,Brendon,Leah ', 'aczapla@emich.edu,bkociba@emich.edu,lhuyser@emich.edu'),
('Solar Turtle', 'Abhijeet,Brendon,Emily', 'hoshing.abhijeet@gmail.com,bkociba@emich.edu,ealderm2@emich.edu'),
('Perceive the Puzzle', 'Aaron,Jessica,Leon', 'aczapla@emich.edu,jdiestel@emich.edu,lbryson@emich.edu'),
('Ink Remover', 'Batoul,Alexander,Leon', 'babdalla@emich.edu,aneal10@emich.edu,lbryson@emich.edu'),
('ProClothing', 'Peyton,Boarman,Jessica', 'pbergma2@emich.edu,lboarman@emich.edu,jdiestel@emich.edu'),
('Universal Guitar Case', 'Tareq,Kaitlyn,Leon', 'tareq.khan@emich.edu,kkotcher@emich.edu,lbryson@emich.edu'),
('Water Fountain Filter', 'Swetha,Boarman,Chapman', 'ssadinen@emich.edu,lboarman@emich.edu,mchapm13@emich.edu'),
('Water Purifier', 'Nick,Swetha,Amanda', 'nbutkevi@emich.edu,ssadinen@emich.edu,astasik@emich.edu'),
('Quick Clasp Shoe', 'Steve,Vernnaliz,Thomas', 'rohdesteve@gmail.com,vcarrasq@emich.edu,scoutseuby@yahoo.com'),
('Soft Speak', 'Lisa,Jon,Kunal', 'spencerlisaj@gmail.com,jonathanhspencer@outlook.com,kbanerji@emich.edu'),
('Motor Shoe', 'Jaya,Naheed,Rachel ', 'jayasharmajdh@gmail.com,naheedakhter1@yahoo.com,rrhodes7@emich.edu'),
('Rennervate: Instant Fatigue Reducer', 'Jaya,Naheed,Rebecca', 'jayasharmajdh@gmail.com,naheedakhter1@yahoo.com,rlee38@emich.edu'),
('Iot uses for daily needs ', 'Jaya,Lexie,Rebecca', 'jayasharmajdh@gmail.com,amcclos1@emich.edu,rlee38@emich.edu'),
('WIZEN', 'Jaya,Naheed,Rachel ', 'jayasharmajdh@gmail.com,naheedakhter1@yahoo.com,rrhodes7@emich.edu'),
('Portable Notes', 'Lisa,Jon,Kunal', 'spencerlisaj@gmail.com,jonathanhspencer@outlook.com,kbanerji@emich.edu'),
('Rain Water Filter', 'Naheed,Lexie,Rebecca', 'naheedakhter1@yahoo.com,amcclos1@emich.edu,rlee38@emich.edu'),
('Kids Habit Developer for switching off light', 'Lisa,Jon,Kunal', 'spencerlisaj@gmail.com,jonathanhspencer@outlook.com,kbanerji@emich.edu'),
('Child Habit Developer', 'Lisa,Jon,Kunal', 'spencerlisaj@gmail.com,jonathanhspencer@outlook.com,kbanerji@emich.edu');

-- --------------------------------------------------------

--
-- Table structure for table `tbl_judge_assessment`
--

DROP TABLE IF EXISTS `tbl_judge_assessment`;
CREATE TABLE `tbl_judge_assessment` (
  `id` int(10) NOT NULL,
  `team_id` int(11) DEFAULT NULL,
  `user_id` int(11) DEFAULT NULL,
  `identifying_understanding` decimal(11,2) DEFAULT NULL,
  `ideating` decimal(11,2) DEFAULT NULL,
  `designing_building` decimal(11,2) DEFAULT NULL,
  `testing_refinging` decimal(11,2) DEFAULT NULL,
  `value_propoition` decimal(11,2) DEFAULT NULL,
  `market_potential` decimal(11,2) DEFAULT NULL,
  `social_value` decimal(11,2) DEFAULT NULL,
  `originality` decimal(11,2) DEFAULT NULL,
  `logbook` decimal(11,2) DEFAULT NULL,
  `display_board` decimal(11,2) DEFAULT NULL,
  `prototype` decimal(11,2) DEFAULT NULL,
  `online_pitch` decimal(11,2) DEFAULT NULL,
  `question_asked` longtext DEFAULT NULL,
  `live_qa` decimal(11,2) DEFAULT NULL
) ENGINE=InnoDB DEFAULT CHARSET=utf8mb4;

--
-- Dumping data for table `tbl_judge_assessment`
--

INSERT INTO `tbl_judge_assessment` (`id`, `team_id`, `user_id`, `identifying_understanding`, `ideating`, `designing_building`, `testing_refinging`, `value_propoition`, `market_potential`, `social_value`, `originality`, `logbook`, `display_board`, `prototype`, `online_pitch`, `question_asked`, `live_qa`) VALUES
(20, 26, 53, '11.00', '8.00', '7.00', '8.00', '4.00', '4.00', '3.00', '8.00', '5.00', '3.00', '4.00', '5.00', 'What would be the estimated costs of installing EcoRinse in a shower? \r\n\r\nWill it be simple enough for a homeowner to do themselves or will someone with training need to be hired to install it?\r\n\r\nThere are times a person wants a colder shower. Will this product only become activated when someone who turns on the water has it to the hot setting, or will it automatically warm the water whenever someone turns the shower on?', '5.00'),
(21, 31, 13, '13.00', '9.50', '8.00', '6.00', '5.00', '5.00', '4.00', '7.00', '5.00', '5.00', '3.00', '4.50', '							This is very interesting, how many other technologies are in the market similar to this that are being developed?	\r\nI have many questions for in person.																				', '5.00'),
(22, 4, 13, '8.00', '5.00', '5.00', '6.00', '3.00', '2.00', '4.00', '5.00', '2.00', '0.00', '3.00', '2.00', '							The logbook was somewhat hard to read and should be typed for better understanding.\r\nThere was no display board, this is very important for visual processing. The video was read off the computer and could maybe be rehearsed as to eliminate the need to continually look at the screen. Could not see what he was doing with prototype in video. It just shows when it is put together.												', '3.50'),
(26, 7, 14, '14.00', '9.00', '10.00', '9.00', '4.00', '3.00', '3.00', '8.00', '4.00', '0.00', '5.00', '4.00', 'With no graphic poster showing some concepts on the wall behind them, the prototype had to sell the entire concept.   NEED graphics poster to summarize project.\r\n\r\nWho or what is the intended market here?  That is not discussed.  It sounds like you for those who need to use athletic spikes, like track, but are there any other applications?  Could this be used to extend the life of shoes with detachable soles (much bigger market)\r\n\r\nOverall, good pitch with a clear message.							', '5.00'),
(27, 43, 14, '14.00', '9.00', '10.00', '9.00', '4.00', '5.00', '5.00', '9.00', '5.00', '0.00', '5.00', '4.00', 'With no graphic poster showing some concepts on the wall behind them, the prototype had to sell the entire concept.   NEED graphics poster to summarize project.\r\n\r\nExcellent log book: very clear and easily understandable.  \r\n\r\nLike the use of 3D printing for parts.\r\n\r\nDemo should have shown running: right now this looks like a good walking shoe but not much else.\r\nOverall, good pitch with a clear message.								', '4.00'),
(28, 28, 14, '14.00', '10.00', '5.00', '5.00', '4.00', '3.00', '3.00', '9.00', '3.00', '5.00', '0.00', '5.00', '							Confused: the title for this project in EMUInvent says Magnet Power and the actual title is Cereal Swirl.  I am confused because I see no magnetics being used here.\r\n\r\nPitch was good, poster was excellent.  Log Book looked like a project report and not a document showing their process and lifecycle through this development.\r\n\r\nMissed the prototype: it would have helped greatly with the visualization of the proposal.\r\n\r\nMarketing research is incomplete: I like they talked to other students, but they need to  talk to adults (family, friends, etc.) to get the bigger picture. \r\n\r\nOverall a good presentation.\r\n														', '4.50'),
(29, 13, 14, '14.00', '9.00', '8.00', '9.00', '4.00', '3.00', '4.00', '9.00', '4.00', '0.00', '3.00', '3.00', 'With no graphic poster showing some concepts on the wall behind them, the prototype had to sell the entire concept.   NEED graphics poster to summarize project.\r\n\r\nWho or what is the intended market here?  That is not discussed. Also there was no discussion on potential costs.  Need this to help sell support for further development.\r\n\r\nPrototype felt incomplete.  Good use of 3D printing, but in the Log book were notes about solar panels and there was no discussion about windows, windshield, or other elements to complete the prototype.\r\n\r\nSome good engineering concepts were covered in the presentation, but the presentation needs more energy and enthusiasm.							', '3.50'),
(30, 29, 14, '14.00', '9.00', '9.00', '9.00', '4.00', '4.00', '3.00', '6.00', '5.00', '5.00', '4.00', '3.00', 'Online pitch was good except the background noise was VERY distracting.  Need a more quiet location to record the pitch.\r\n\r\nDisplay board was good and initial prototype was understandable,  However, are there any clamps needed to secure the material once extended, either on the extended on or on the sides?  That is not clear in the pitch.  Would like to see a full small model fully functional prototype with the pvc pipe, springs, and clamps: it will sell the entire concept.\r\n\r\nAlso, how easy is it to clean the material and help maintain it?  This needs to be part of this project as well.  You cannot clean it if it is fully retracted, and if dirt gets into the pvc pipe holder, the product will not last long.\r\n							', '5.00'),
(31, 42, 53, '3.00', '3.00', '3.00', '3.00', '2.00', '2.00', '2.00', '3.00', '2.00', '0.00', '0.00', '2.00', 'Are there many other water purifiers on the market that use nano-filtration?\r\n\r\nWhat makes nano-filtration superior to other methods of filtration?\r\n\r\nIs there a large market for this type of water purfier?\r\n\r\nWill this water purifier be able to be installed in homes or neighborhoods, would would it be for smaller communities or to service whole cities?', '4.50'),
(32, 32, 53, '12.00', '6.00', '10.00', '8.00', '4.00', '3.00', '4.00', '8.00', '4.00', '4.00', '4.00', '5.00', 'Would Urbagrow be able to fit on the balcony of an urban grower who lives in an apartment?\r\n\r\nWould the cost of materials for the growth of plants via hydroponics potentially offset the money saved using Urbagrow? \r\n\r\n', '4.50'),
(33, 1, 55, '14.00', '9.50', '9.00', '9.50', '4.50', '4.50', '5.00', '10.00', '4.50', '4.50', '5.00', '4.50', '														Nice  idea and solution																											', '5.00'),
(34, 5, 53, '7.00', '8.00', '8.00', '9.00', '3.00', '3.00', '3.50', '3.00', '4.50', '0.00', '3.00', '3.00', 'How does this differ from products made out of recycled bags/juice products that have already been on the market?\r\n\r\nAbout how many of these patches do you believe would be needed to create a larger item, such as a blanket? Would a specialized method of sewing/adhesion need to hold a larger amount of these togheter?\r\n\r\nAre all plastic bags created equal? Would your have to limit your use of bags to certain types?', '5.00'),
(35, 25, 18, '13.50', '9.00', '9.00', '9.50', '4.50', '4.50', '4.50', '8.50', '4.50', '5.00', '3.50', '3.00', '							Have you tested your product on leaves or a similar item? If so, did it work as intended? \r\nHow did the rake portion perform compared to other rakes? \r\n							', '5.00'),
(36, 2, 8, '3.00', '2.00', '3.00', '2.00', '3.50', '4.00', '3.50', '2.00', '1.00', '0.00', '1.00', '3.50', '', '3.50'),
(37, 34, 8, '13.00', '8.00', '9.00', '7.50', '3.50', '4.50', '3.00', '6.50', '5.00', '3.50', '4.00', '4.50', '', '5.00'),
(38, 37, 8, '12.00', '9.50', '9.00', '9.00', '4.50', '4.00', '5.00', '9.00', '5.00', '4.50', '4.50', '4.00', '', '4.50'),
(39, 38, 8, '10.00', '7.00', '4.00', '2.00', '2.00', '2.00', '3.00', '5.00', '1.50', '3.00', '2.00', '3.50', '', '0.00'),
(40, 40, 8, '14.00', '8.50', '7.50', '7.50', '4.00', '4.00', '4.50', '8.50', '0.00', '4.00', '3.50', '5.00', '', '0.00'),
(41, 11, 19, '13.00', '10.00', '10.00', '9.00', '4.50', '5.00', '5.00', '10.00', '5.00', '0.00', '5.00', '4.00', 'Who is your target audience?  \r\nWhat made you decide to come up with your invention? (It is a great idea!)\r\nWhat steps did you have to follow to make your invention? \r\nWhat modifications did your invention go through (if any)?', '4.00'),
(42, 24, 19, '15.00', '10.00', '10.00', '10.00', '4.50', '4.50', '5.00', '9.50', '5.00', '5.00', '5.00', '5.00', 'If you were to create your own brand and distribute them yourselves, would you? \r\nWhat is the main reason you are inventing this product? \r\nDo you think that you could expand your target audience?', '4.50'),
(43, 29, 19, '14.00', '8.50', '8.50', '8.50', '4.00', '4.50', '4.50', '9.00', '5.00', '5.00', '4.00', '5.00', 'Would you create your own material for the cover instead if there was a larger budget for the project? \r\nWhat modifications were made to your prototype (if any) or are there any that you would go back and make?\r\n', '5.00'),
(44, 30, 19, '13.50', '10.00', '9.50', '9.50', '5.00', '4.50', '5.00', '10.00', '5.00', '5.00', '5.00', '4.00', 'What plans would make in order to reduce the cost to make this for people in need? \r\nWould you allow doctors to recommend this product or have it to sell their patients? ', '5.00'),
(45, 35, 19, '13.00', '9.00', '8.50', '8.50', '4.50', '4.50', '4.50', '9.50', '5.00', '5.00', '4.00', '4.50', 'Who would the target audience be?  Is there a specific group of people/profession this would be used with? \r\nWhat steps did you use to create this idea? \r\nWhat steps did you take to create the prototype? \r\nHow would you make changes or is there something that you would change to your invention?', '4.50'),
(46, 5, 55, '12.00', '8.50', '8.50', '9.50', '4.50', '5.00', '5.00', '8.00', '4.00', '0.00', '5.00', '4.50', 'Display board missing.\r\nElaborate on Identifying & Understanding of the problem.\r\nWhat similar things are available in the market', '5.00'),
(47, 15, 55, '0.00', '0.00', '0.00', '0.00', '0.00', '0.00', '0.00', '0.00', '0.00', '0.00', '0.00', '0.00', 'There is no logbook or video pitch to understand the idea', '0.00'),
(48, 17, 55, '0.00', '0.00', '0.00', '0.00', '0.00', '0.00', '0.00', '0.00', '0.00', '0.00', '0.00', '0.00', 'There is no logbook or video to evaluate your idea', '4.50'),
(49, 18, 56, '0.00', '0.00', '0.00', '0.00', '0.00', '0.00', '0.00', '0.00', '0.00', '0.00', '0.00', '0.00', 'Nothing is available to judge your idea', '0.00'),
(50, 53, 56, '11.50', '8.50', '8.50', '8.00', '3.50', '3.50', '4.50', '8.00', '3.50', '3.50', '3.50', '4.00', 'Testing portion needs improvement\r\nOther solutions need to be explored', '5.00'),
(51, 51, 56, '13.00', '8.50', '8.50', '8.00', '4.50', '4.50', '4.00', '8.50', '3.50', '4.50', '4.50', '4.50', 'The logbook is missing several sessions.\r\nMultiple solutions are not explored enough\r\nIn the  online pitch, you were very confident, well done\r\n\r\n 														', '5.00'),
(52, 47, 56, '13.50', '8.50', '9.00', '9.00', '4.50', '4.50', '4.50', '8.50', '4.00', '4.50', '4.50', '4.00', 'The online pitch does not cover all aspects of your project.\r\nThe most important aspect that your idea is solving is not pollution but the ability to walk with fewer efforts.\r\nThe pollution is a secondary issue that you are idea is solving. \r\nOther design options were not covered in the whole process. ', '5.00'),
(53, 48, 56, '14.50', '10.00', '9.50', '10.00', '5.00', '5.00', '4.50', '9.50', '4.50', '5.00', '5.00', '5.00', '																												NIce pitch and a good logbook.\r\nComplete the logbook instead of pointing to the video.\r\nExplore the testing results more in the logbook 																												', '5.00'),
(54, 19, 11, '12.00', '10.00', '7.00', '6.00', '5.00', '2.00', '3.00', '8.00', '5.00', '4.00', '3.00', '2.00', '							Can I hear a comparison between drumsticks with and without the rings?\r\nHow is are the rings disposed? Recyclable? \r\nCan rings be moved between multiple sticks?							', '4.50'),
(55, 21, 11, '15.00', '10.00', '10.00', '4.00', '3.00', '4.00', '5.00', '3.00', '5.00', '4.00', '5.00', '4.00', 'Why a vertical chute?\r\nWhat is the function of the fan?\r\nWhat maintenance is required for the ', '5.00'),
(56, 27, 11, '15.00', '7.00', '10.00', '9.00', '4.00', '4.00', '5.00', '5.00', '2.00', '3.00', '5.00', '5.00', 'Why did you opt for less moving parts?\r\nHow big do you foresee the final product being build at?\r\nHow will this affect companies that produce products in containers (cardboard, plastic, styrofoam, etc.)?', '5.00'),
(57, 38, 11, '13.00', '10.00', '8.00', '7.00', '4.00', '4.00', '5.00', '9.00', '2.00', '5.00', '2.00', '3.00', 'How will the chemicals be introduced into the product?\r\nDoes the product make the paper recyclable or reusable?\r\nIs the product compatible with other materials such as lead, colored ink, or paint?\r\nHow does the chemical react with the ink (sound, heat, scent, etc.)?', '0.00'),
(58, 21, 53, '12.50', '8.50', '8.00', '0.00', '3.50', '3.50', '4.00', '8.00', '4.00', '0.00', '1.00', '0.00', 'What would the approximate cost of installing these into an apartment, would an apartment owner have to change his current garbage structure to allow for the chute to be used?\r\n\r\nWhich type of steel would you use in your final design, is there a type that provides more advantages over the others?\r\n\r\n', '5.00'),
(59, 53, 48, '14.50', '9.50', '9.50', '9.00', '5.00', '4.50', '5.00', '9.00', '5.00', '4.50', '4.50', '4.50', 'How would this system be maintained?\r\nHow will I know that this is operating correctly?\r\nHow can I ensure that this will work 100% of the time?\r\n', '5.00'),
(60, 50, 48, '14.50', '9.50', '8.50', '8.00', '5.00', '4.00', '4.50', '9.50', '5.00', '4.50', '4.00', '5.00', 'Does this have to be done on a treadmill? Can your footsteps be tracked outside if you wanted to go outside and walk the 400 yards instead?\r\nCould the gamer explore other planets?\r\nHow will this invention keep the gamer engaged? \r\n', '4.50'),
(61, 48, 48, '14.50', '10.00', '10.00', '9.50', '5.00', '4.50', '4.50', '9.50', '5.00', '5.00', '5.00', '5.00', 'How will this product compete amongst other natural remidies to reduce fatigue?\r\nHow many times can this be used a day without being harmful?\r\nHow long will this feeling of energy from your product, last?', '5.00'),
(65, 7, 21, '11.50', '5.00', '9.00', '4.00', '5.00', '2.50', '2.50', '5.00', '2.00', '0.00', '5.00', '4.50', 'What\'s the competition?\r\nWhy no tri-fold?\r\nHow would you market this?\r\nLogbook very sparse?', '5.00'),
(66, 9, 21, '14.00', '9.00', '9.00', '4.00', '3.50', '2.50', '4.00', '5.00', '3.00', '0.00', '4.50', '4.00', 'What\'s the competition?\r\nHow big of a market?\r\nWhat will be the cost/cost target?\r\nIs this the best way of making the nameplates?', '3.00'),
(67, 20, 21, '4.00', '5.00', '6.00', '7.50', '1.50', '1.50', '2.00', '5.00', '3.00', '4.00', '3.50', '2.50', 'What is the purpose of the invention?\r\nHow does it relate to helping people with handicaps drive?\r\nThe prototype seems like nothing more than a wood box to store stuff?\r\nNeeds more explanation!', '4.00'),
(68, 43, 21, '5.00', '4.00', '7.00', '4.50', '2.50', '2.00', '3.50', '3.00', '2.50', '0.00', '5.00', '4.00', 'What about shoes with velcro closures or elastic laces?\r\nWhat\'s the competition?\r\nWhat is the market?\r\nDid you try more designs? ', '4.00'),
(69, 9, 18, '13.00', '10.00', '8.00', '8.00', '5.00', '4.50', '4.00', '6.00', '4.00', '0.00', '2.00', '3.00', '							Is there any other company or person who already provides this service? \r\nHow does the printing device work? \r\nHave you tested the device and did it work as planned? \r\nDo you have a prototype of the printer/device?\r\nWhat research did you do to understand this problem and possible solutions? \r\n\r\n\r\n							', '3.00'),
(70, 32, 18, '15.00', '10.00', '10.00', '9.00', '5.00', '4.00', '5.00', '10.00', '5.00', '5.00', '5.00', '5.00', 'What are the key differences between your invention and other greenhouses? \r\nDid your invention change at all once completed and testing was complete? \r\nIs there a number of how many people may want to invest and buy your product? ', '4.50'),
(71, 37, 18, '15.00', '10.00', '8.00', '9.00', '5.00', '5.00', '5.00', '9.00', '5.00', '5.00', '5.00', '5.00', 'Once completed and tested did your product perform as expected and if not what did you change or adjust? \r\nWhat are the key differences between your product and other products on the market? ', '4.50'),
(72, 39, 18, '15.00', '10.00', '8.00', '9.00', '5.00', '5.00', '5.00', '3.00', '0.00', '0.00', '5.00', '5.00', '*Logbook not available online, is it in person? \r\nWhat materials are you thinking of using besides foam? \r\nWhat are the key differences between your product and others on the market? \r\n\r\n\r\n\r\n\r\n', '0.00'),
(73, 2, 13, '4.00', '2.50', '3.50', '7.00', '1.00', '0.00', '3.50', '0.00', '1.50', '0.00', '4.50', '2.50', '							There was no display board.\r\nThe use of the words \"uh\" or \"um\" should not be used.\r\nThe screen to the laptop was quite dirty and could be cleaned to show the simulator better.\r\nI recommend doing this indoors with a proper display board.\r\nThe log book should also contain the whole process. I did not see start to finish.\r\nI do like this idea and am thinking I have seen similar simulators in the market. \r\n							', '3.50'),
(74, 20, 13, '6.00', '4.00', '6.50', '5.50', '2.50', '1.50', '2.00', '3.00', '5.00', '4.00', '4.00', '4.00', 'Logbook very detailed and looks great. \r\nThis idea and prototype are good.\r\nI am interested in seeing it on the vehicle and what kind of bulk/extra this would add. Is this something that needs to be with a vehicle at all times?', '4.00'),
(75, 25, 13, '12.00', '7.50', '9.00', '8.00', '3.50', '4.50', '4.00', '7.50', '5.00', '4.50', '4.50', '5.00', 'Very detailed and great looking logbook, display board and pitch. I would have liked to see it being used in the video?  ', '5.00'),
(77, 52, 58, '13.00', '10.00', '9.00', '9.00', '4.00', '2.00', '3.00', '3.00', '4.00', '3.00', '4.00', '4.00', '														Why is this invention better than just a planner?', '5.50'),
(78, 54, 58, '14.00', '8.00', '6.00', '6.00', '5.00', '4.00', '5.00', '8.00', '4.00', '4.00', '5.00', '4.00', '														What sort of testing did you do to improve your invention?  What were some of the problems you encountered in your earlier prototypes?', '4.00'),
(79, 56, 58, '13.00', '9.00', '7.00', '9.00', '3.00', '3.00', '4.00', '8.00', '5.00', '5.00', '4.00', '4.00', '														Does your device just record one message/reminder?  How difficult is it to record your reminder?  Is there a way to mute/turn it off when you have accomplished your task?', '5.00'),
(80, 31, 21, '15.00', '9.50', '10.00', '9.00', '4.50', '4.00', '3.50', '10.00', '5.00', '5.00', '5.00', '5.00', 'This student has done a remarkable job on this \"invention\" that is really a piece of research/algorithms/code to enable other researchers in this field.\r\nI would suggest that his mentor  UM Chair of\r\nPhysics, Prof. David Gerdes be contacted to get a more knowledgeable evaluation.', '5.00'),
(81, 47, 24, '15.00', '10.00', '10.00', '10.00', '5.00', '5.00', '5.00', '10.00', '5.00', '5.00', '5.00', '4.50', 'I didn\'t see anywhere how these shoes would be charged/ran - solar powered, battery operated, charged? And how long would/should a charge last? \r\nI noticed in your logbook, you added the story about being stuck in traffic in Philadelphia, maybe adding that story to the video pitch could make it more relatable to the viewers who have most likely also been in that similar situation. \r\n', '5.00'),
(82, 51, 24, '15.00', '10.00', '10.00', '10.00', '4.00', '5.00', '5.00', '9.00', '4.50', '5.00', '5.00', '5.00', 'I noticed in the logbook it was stated that there are \"no problems\" and the invention \"works as planned\" could you think of any ways the invention may not work as planned, for example, over time could the wires get tangled and messy in the mesh bag? Or if there are really no problems, how does your product work against those odds? \r\nIs there anything other than a mesh bag you could use that could work better with sustainability? Like a reusable shopping bag or a recycled material bag? Something that could be recycled or safer to dispose of?\r\nYou make this very relatable to adults that use consoles, but is there any way you could make it relatable other than that? Maybe for older adults what could they use this product for? \r\nWould attaching this product to a desk harm the desk? And can it be easily attatched/detached? \r\nI really enjoyed how you compared your products to similar products, but how yours is different and adds the disadvantages of similar products. Adding this to your video pitch could be a good idea!', '5.00'),
(83, 29, 49, '11.50', '9.00', '10.00', '8.50', '3.50', '3.00', '2.00', '6.50', '5.00', '4.50', '5.00', '3.00', 'How does the table cloth stay in place with only one side with clamps?', '5.00'),
(84, 33, 49, '14.50', '9.50', '10.00', '9.00', '4.50', '5.00', '4.00', '9.00', '2.50', '4.00', '4.50', '4.00', 'With the pulley and winch method would the winch be built into the design and hook up to the trucks power supply or would and extension cord or a generator be needed to power the apparatus?', '5.00'),
(85, 35, 49, '15.00', '10.00', '10.00', '10.00', '4.50', '4.00', '4.50', '9.00', '5.00', '5.00', '5.00', '5.00', '', '4.50'),
(86, 36, 49, '14.00', '8.00', '9.50', '9.00', '4.00', '3.50', '4.50', '7.50', '5.00', '5.00', '5.00', '4.00', 'Would the object have to be retrieved from the water every time the energy produced is wanting to be used? \r\n\r\nIs there a USB port of some kind to use the stored energy?', '3.00'),
(87, 6, 49, '14.50', '0.00', '5.00', '0.00', '4.50', '5.00', '5.00', '8.00', '0.00', '0.00', '4.50', '4.00', 'Where is the logbook?\r\n\r\nIt was \"forbidden\" ', '5.00'),
(88, 3, 7, '10.00', '4.00', '5.00', '4.00', '3.00', '5.00', '5.00', '4.00', '2.00', '0.00', '3.00', '3.00', '							To improve your prototype, you need to add a thumb.  How would you go about doing that?														', '4.00'),
(89, 4, 7, '15.00', '5.00', '6.50', '5.00', '4.00', '4.50', '5.00', '6.00', '3.00', '0.00', '4.50', '3.00', '														How would you modify your walker to be able to work for people of different heights and weights?														', '3.50'),
(90, 7, 7, '13.00', '3.00', '8.00', '4.00', '3.00', '4.00', '3.00', '8.00', '4.00', '0.00', '4.00', '4.00', 'Are these shoes to be used for cross country racing as well? If so, how would you ensure the sole doesn\'t come off when running on very muddy terrain?', '5.00'),
(91, 8, 63, '14.00', '7.00', '8.00', '8.00', '4.50', '2.50', '4.50', '8.50', '4.50', '0.00', '0.00', '4.00', 'Video presentation of the concept is done well, nice summary of the invention and the idea behind it. Video missed showing a functional presentation of the prototype which is essential part of the presentation even if it shows some underlying issues or challenges faced.', '0.00'),
(92, 20, 7, '6.00', '8.00', '8.00', '9.00', '3.00', '2.00', '2.00', '5.00', '5.00', '5.00', '4.50', '4.00', 'Who do you think would use this storage box and why would they buy it?', '4.00'),
(93, 43, 7, '8.00', '4.00', '8.00', '9.00', '4.00', '4.50', '4.00', '7.00', '4.00', '0.00', '4.00', '3.50', '							Can you explain what kind of physical capabilities would the users of your product need help with?							', '4.00'),
(94, 23, 25, '15.00', '10.00', '10.00', '10.00', '5.00', '5.00', '5.00', '9.00', '5.00', '5.00', '5.00', '4.50', 'Comments:\r\n* Great job guys! Your logbook was very detailed and provided me with a lot of information about your whole invention process. I loved getting to see how you tested the cable and how you decided to update your product based on your data collected.\r\n* I marked you guys down on the originality because I have seen other products out there they try to stop this issue of the phone chargers breaking. But I only did 1 point down because I haven\'t seen it to this extent that you guys went by building a cube for the cable to run through.\r\n* I marked you guys down on your online pitch because you had 4 minutes to explain your product to me and only used up 45 seconds. Additionally, only one person spoke in your group, I would have really loved to see each member explain a little bit in your pitch.\r\n\r\nQuestions:\r\n* What new concepts did you develop about charging cables during this invention?\r\n* What was the most difficult part of your invention process?\r\n* What caught you by surprise as you tested each version?', '3.00'),
(95, 23, 63, '14.00', '9.00', '9.00', '8.50', '4.50', '3.50', '4.50', '8.50', '5.00', '3.50', '4.50', '3.50', 'Video presentation is good, explains the idea well. Display board is done well but it was hard to see the contents of the display board in fast paced video. Team worked hard on display board but could not properly show its contents in detail. Idea is creative and some folks will like to try this product. Log book is impressive, well documented and covers it all in a new product development', '3.00'),
(96, 45, 55, '15.00', '10.00', '10.00', '10.00', '5.00', '5.00', '5.00', '10.00', '5.00', '5.00', '5.00', '5.00', 'Well done', '0.00'),
(97, 55, 55, '15.00', '10.00', '10.00', '10.00', '5.00', '5.00', '5.00', '10.00', '5.00', '5.00', '5.00', '5.00', 'Well done', '5.00'),
(98, 48, 20, '15.00', '10.00', '10.00', '9.50', '5.00', '4.50', '5.00', '10.00', '5.00', '5.00', '5.00', '5.00', '							Very thorough well researched problem with well designed solution. I would like to try it.																						', '5.00'),
(99, 3, 12, '10.00', '6.00', '8.00', '6.00', '3.00', '3.00', '4.00', '4.00', '1.00', NULL, '5.00', '4.00', '1) All important questions\' answers are missing from Logbook so those are need to ask to these inventors!\r\n2) How this design is going to assemble with main dummy/original hand?\r\n3) Have you discussed this idea/prototype with Physical Therapist or Ortho Specialist to understand Ergonomics inputs?\r\n4) What are limitations with this product? Thanks!														', '4.00'),
(100, 51, 20, '12.50', '7.00', '8.50', '5.00', '4.00', '2.50', '2.50', '6.50', '3.00', '2.50', '4.00', '3.50', '							I really like the name \"Wizen\"!\r\n1-What is maximum capacity of your Wizen bag? \r\n2- Is this a DIY (Do it yourself) kind of solution or you plan to market it?\r\n3- It solves the problem of separating the wires for a particular length, but then what about from outlet of the bag from where wires come out till the Plugin point in the wall?\r\n4- Did you iterate your model?\r\n 														', '5.00'),
(101, 47, 20, '12.50', '8.50', '7.00', '6.00', '3.00', '2.50', '3.00', '7.00', '4.00', '4.00', '4.00', '3.50', '							I really like your numbers and board. 						\r\n1- Many public places do not allow use of Hover board on their premises, why should they allow Electroll Shoes?\r\n2- Who is your target audience age for this?\r\n3- What is the maximum distance electroll shoes can be used before it needs to be charged again?\r\n4- Is the strap permanently attached to the shoe, I am really curious that what if someone needs to climb up the steps then what are their options?\r\n5- What will be the cost of your product for marketing reasons, will it be cheaper then other options on market?\r\n6- How is Electroll shoe more stable and less riskier in your opinion? Would there be any extra safety equipment needed to ride this? \r\n7- How do you control speed, and what will be its speed?\r\n8- Overall curious to know how does it work?\r\n\r\n\r\n\r\n 																					', '5.00'),
(102, 50, 20, '10.00', '5.50', '5.00', '5.50', '3.00', '2.50', '2.50', '5.50', '4.00', '3.00', '2.00', '2.50', '1- What are the limitations of your solutions?\r\n2- What if family does not have treadmill?\r\n3- In question 6 you answered that you want want game to force users to run. What is someone has health problem and cannot run?\r\n4- Relating to point 3, have you researched what is the age limit for using the treadmill? And the risks associated with children using treadmill?\r\n5- If treadmill already tracks your heart rate/ steps etc then why you want to integrate it with your solution?\r\n6- Have you tested your solution?\r\n7- I would like to see your developed demo game as mentioned in answer of Question 10. \r\n8- How many hours did you spend to learn storyboard, x code, python?		\r\n9- You mentioned you surveyed 10 of your friends, why do you think surveying only 10 was enough?												', '4.50'),
(103, 4, 12, '5.00', '5.00', '8.00', '5.00', '2.00', '2.00', '5.00', '2.00', '2.00', '0.00', '3.00', '3.00', '1) All Q/A are missing per standard logbook template? I guess, may be they don\'t have std logbook template!\r\n2) This is duplicate design & available in the market so how you distinguish your product is different than available products?\r\n3) How much mass for this product?\r\n4) Did you discuss with Physical Therapist/Ortho Specialist for ergonomics inputs like short/height personalities etc, ', '3.50'),
(104, 33, 25, '14.00', '10.00', '10.00', '10.00', '5.00', '5.00', '5.00', '9.50', '3.00', '5.00', '5.00', '5.00', 'Comments:\r\n\r\nGreat job guys!\r\nIt looks like you started working on your invention process in late January, which means you must have worked very hard up until now with your product.\r\nYour online pitch was very detailed and thorough which I found very helpful. You included a background in products that are already on the market and explained how yours would be different. \r\nI took off points for the identifying and understanding category because I was looking for ways you knew this was a problem other than what was apparent in your own lives. An example might include asking other co-workers from your summer job if they had the same struggles as both of you. But I did appreciate hearing your own experience and why you guys wanted to pursue this product.\r\nMy main concern is with your logbook. You both really explained what your invention process in the video, however, it is not documented enough in the logbook. I would have loved to see data with other people having this problem. Your research that you found regarding this problem/product. I also would have loved to see how you guys tested your product, how you knew it was successful or not. I did, however, really appreciate the photos you included of your invention. It helped me visualize what it looks like and how it would be used.\r\n\r\nQuestions:\r\n* In your video, you mentioned that there were some difficulties when you came to building the product. What were some of those difficulties? How did you make it to your final product?\r\n* In what ways did you test the success of your invention?\r\n* What caught you by surprise when you went through this process.', '5.00'),
(105, 25, 12, '10.00', '8.00', '9.00', '6.00', '3.00', '2.00', '3.00', '5.00', '4.00', '4.00', '5.00', '5.00', '1) Few Q/A are missing from standard Logbook template.\r\n2) How \"crushing leaves functionality\" works with this tool? Per my review, rake functionality works with this tool but I am not convinced with how crushing leaves would be effectively could do with this tool? \r\n', '5.00'),
(106, 21, 25, '14.00', '10.00', '10.00', '10.00', '5.00', '5.00', '5.00', '10.00', '5.00', '4.50', '5.00', '5.00', 'Comments:\r\n\r\n* Your logbook and video were very detailed and organized, I really enjoyed reading it and watching what you all had to say. Nice job! \r\n* I took some points off on the identifying and understanding category because I was looking for ways you investigated that this garbage situation was a problem in urban areas. I see that you listed off the problem areas, but I was really looking for concrete data for how you knew those problems. An example of this could have been going around apartment buildings and asking their opinions of the current trash system in place. \r\n* I also took some points off of your display board because I was looking for a tri-fold board specifically with your information displayed. It appears to be just a big poster board. I appreciate all of the typed information and pictures you provide on your board, which makes understanding your process much easier. \r\n\r\nQuestions:\r\n* What problems did you face during your invention process?\r\n* How did you come up with the price and longevity of the product/\r\n* What did you enjoy most about the invention process?', '5.00'),
(107, 6, 25, '14.00', '5.00', '9.00', '8.00', '5.00', '5.00', '5.00', '9.00', '0.00', '0.00', '5.00', '4.50', 'Comments:\r\n\r\n* Nice work guys! You have a great product that you were able to easily explain so well. I was very impressed.\r\n* As you can see, I had to take a handful of points away for many different reasons. There is no logbook or display board first and foremost. * Additionally, I took off points in the invention process category because I was looking for ways you guys went about your invention process. I was looking for drawings or explanations for your design ideas. I also was looking for how you two modified your product as you went along in the process. I was also looking for ways you knew it this was a problem in your own lives. I really appreciated the resources you cited at the beginning of your video, but I wanted to see concrete data from your own life. For example, asking friends how often they forget to turn off a light or unplug something.\r\n* I took off points for originality because I have seen many products on the market that try to reduce energy usage. But I appreciate the route you guys took it, by going through an app that an individual can manipulate.\r\n* Lastly, for your online pitch I needed to see your faces as you were talking about your product.\r\n* Overall, your invention is very impressive and you both did an excellent job explaining what you created.\r\n\r\nQuestions:\r\n* What problems did you face during the invention process?\r\n* What did you enjoy the most throughout the invention process/\r\n* What was something that took you by surprise while working on your product?', '5.00'),
(108, 42, 38, '14.00', '8.00', '8.00', '5.00', '3.00', '4.00', '5.00', '3.00', '2.50', '3.00', '2.50', '3.50', '							Could you Please explain the prototype in detail?\r\nThe model proposed in the log book is not clear.\r\nI felt log book is not so clear.							', '4.50'),
(109, 40, 25, '14.00', '10.00', '10.00', '10.00', '5.00', '5.00', '5.00', '10.00', '0.00', '5.00', '4.00', '4.50', 'Comments:\r\n\r\n* Nice work! you explained everything very well, you were detailed and thorough in you your online pitch, which helped me out in understanding your thought process.\r\n* I did not get a logbook, so I wasn\'t able to give you any points for that.\r\n* I took some points away for your online pitch because you went over the time limit a little bit.  \r\n* For your prototype, I was hoping for a further explanation of it, and how you knew it worked as a universal piece. \r\n* I took off points in the identifying and understanding category because I was looking for concrete data about how you knew this was a problem. An example might be asking friends that also play guitar to understand if they have the same issue and documenting their responses. \r\n* Overall, you did great at explaining your invention. I really enjoyed learning about the different products already out on the market, and how you would do it a little bit differently.\r\n\r\nQuestions:\r\n* What problems did you face during the invention process?\r\n* What did you enjoy most about the invention process?\r\n* During your research, did you discover anything that surprised you, or that you want to research more? ', '0.00'),
(110, 41, 38, '15.00', '9.50', '10.00', '10.00', '4.50', '5.00', '5.00', '9.50', '5.00', '5.00', '5.00', '5.00', 'How did you test that the water is purified?', '3.00'),
(111, 32, 38, '15.00', '9.50', '9.50', '9.00', '4.50', '4.50', '5.00', '9.00', '5.00', '5.00', '5.00', '5.00', 'Does this method works for green houses of any size?', '4.50'),
(112, 5, 38, '15.00', '9.50', '9.50', '9.50', '4.50', '4.50', '5.00', '9.00', '5.00', '5.00', '5.00', '5.00', 'As per the  video pitch i got to know that the recycled product last for minimum 1 year, is there any possibility to increase the recycled product life?', '5.00'),
(113, 36, 12, '10.00', '8.00', '5.00', '5.00', '5.00', '4.00', '5.00', '5.00', '4.00', '5.00', '5.00', '4.00', '1) How much electricity \"Watt per square meter\" does a floating solar panel produce per day?\r\n2) Is this product feasible for Solar farming? if yes, 2a)how to access all power stored batteries from floating solar panel box?                                                2b) How much time required to disassemble the floating box & replace energy store batteries with empty batteries?', '3.00'),
(114, 10, 38, '15.00', '9.00', '10.00', '9.50', '5.00', '4.50', '4.50', '9.00', '5.00', '5.00', '5.00', '5.00', 'Wont using the curtain kind of thing as shown in the protocol will make the room too dark  how the shade have to fixed to the wall or to the window?\r\n\r\n', '4.50'),
(115, 15, 24, '0.00', '0.00', '0.00', '0.00', '0.00', '0.00', '0.00', '0.00', '0.00', '0.00', '0.00', '0.00', 'Not submitted ', '0.00'),
(116, 17, 24, '0.00', '0.00', '0.00', '0.00', '0.00', '0.00', '0.00', '0.00', '0.00', '0.00', '0.00', '0.00', 'Not submitted ', '4.50'),
(117, 10, 31, '15.00', '8.00', '8.00', '8.50', '4.00', '3.50', '4.50', '8.00', '3.50', '0.00', '4.50', '4.00', '							Would/could there be any application for this device outside of the school setting to make it more marketable to the general public or is this purely for classroom application and safety? \r\n\r\nHave you done any trials during a simulated lock down scenario?\r\n\r\nHave you found any research that suggest not be able to see into a classroom deters an assailant from entering?\r\n\r\n							', '4.50'),
(118, 24, 31, '13.50', '8.50', '7.00', '7.00', '3.00', '3.00', '3.00', '7.00', '4.00', '4.50', '3.50', '2.00', 'Does the cost of this product, at around $200, make it marketable to the population you are targeting (i.e. student)?\r\n\r\nIs this a device that has its own fridge/microwave unit or a device that relies on your existing fridge and or microwave? \r\n', '4.50'),
(119, 26, 54, '15.00', '10.00', '10.00', '9.50', '4.50', '5.00', '5.00', '10.00', '5.00', '4.00', '4.50', '4.00', 'How feasible would this product be to the middle-class consumer?\r\n\r\nCould you see this product being used on a commercial scale in addition to the mentioned household purposes?\r\n\r\nHow long would you estimate an instillation of this product would take in the average household?', '5.00'),
(120, 16, 26, '0.00', '0.00', '0.00', '0.00', '0.00', '0.00', '0.00', '0.00', '0.00', '0.00', '0.00', '0.00', 'not submitted \r\n', '0.00'),
(121, 17, 26, '0.00', '0.00', '0.00', '0.00', '0.00', '0.00', '0.00', '0.00', '0.00', '0.00', '0.00', '0.00', 'not submitted\r\n', '4.50'),
(122, 18, 26, '0.00', '0.00', '0.00', '0.00', '0.00', '0.00', '0.00', '0.00', '0.00', '0.00', '0.00', '0.00', 'not submitted', '0.00'),
(123, 34, 31, '13.00', '8.00', '9.00', '7.00', '3.50', '5.00', '4.00', '9.50', '4.50', '4.50', '3.50', '4.00', '							How does the thermal imaging keep out animals and or people with heat signatures that may be similar to a dog?\r\n\r\nWhat is the power source for this device? Is it a battery? a Wall plug? etc.\r\n\r\nIn the log book you suggest this is a product where items like wires are hidden inside the door, but in your video pitch you said you wanted minimal or no consumer installation? How is the device theoretically installed and is it discrete? \r\n\r\nDoes this device require a sliding glass door? Do you have research to show that this is more viable than a model that opens a hinge door? 							', '5.00'),
(124, 42, 31, '13.00', '1.50', '0.00', '0.00', '3.50', '4.00', '4.00', '1.00', '2.00', '0.00', '0.00', '1.50', 'Do you have a prototype?\r\n\r\nWhat kind of trials or testing have you done on your invention?\r\n\r\nWhat is the cost of your design? \r\n\r\nHow do you make your design available to those that need it? \r\n\r\nHow does your device differ from other types of available water filtration systems?\r\n', '4.50'),
(125, 27, 54, '14.00', '8.50', '9.50', '9.00', '4.50', '4.00', '5.00', '9.50', '4.50', '4.50', '4.50', '4.00', 'Do you know how much the payout would be per lb of cardboard?\r\n\r\nHow large would this machine be?', '5.00'),
(126, 53, 26, '15.00', '10.00', '10.00', '10.00', '5.00', '5.00', '5.00', '10.00', '5.00', '5.00', '5.00', '4.00', 'Very insightful and informative proposition. Walked through step by step on each section of the proposal. Appeared to be very knowledgable on every aspect of his invention especially the market outlook of it. My only critique is to be more focused on the point of what you are trying to convey. The point was taken off because the video was over 4 minutes. ', '5.00'),
(127, 31, 54, '14.50', '9.50', '9.50', '9.50', '4.50', '5.00', '4.50', '10.00', '5.00', '5.00', '4.50', '5.00', 'How would you explain the importance of this product to the average consumer?\r\n\r\nHow quickly could you see this product being implemented?\r\n\r\n', '5.00'),
(128, 34, 54, '13.50', '8.00', '9.00', '8.50', '4.50', '4.50', '4.00', '8.50', '4.00', '4.00', '4.00', '3.50', 'How expensive do you imagine one of these products being?\r\n\r\nHow difficult would this product be to install?', '5.00'),
(129, 39, 54, '15.00', '9.00', '8.00', '7.00', '3.50', '4.00', '5.00', '9.00', '0.00', '0.00', '2.00', '2.00', '												What would be the price range for these products?\r\n\r\nHow concealable would they be under regular clothing?\r\n\r\n', '0.00'),
(130, 50, 26, '15.00', '10.00', '9.00', '9.00', '5.00', '4.00', '5.00', '10.00', '5.00', '5.00', '5.00', '5.00', 'An extremely creative way to get kids more active! It takes virtual reality to a whole new level with the incorporation of exercise!', '4.50'),
(131, 10, 50, '15.00', '10.00', '10.00', '10.00', '5.00', '5.00', '5.00', '9.50', '4.00', '3.00', '5.00', '5.00', '', '4.50'),
(132, 28, 12, '13.00', '8.00', '5.00', '0.00', '3.00', '4.00', '4.00', '3.00', '5.00', '4.50', '0.00', '5.00', 'This feedback is evaluated for invention \"Cereal Swirl\"\r\n', '4.50'),
(133, 13, 50, '15.00', '9.00', '10.00', '9.00', '3.50', '4.00', '3.50', '9.00', '3.00', '3.50', '4.50', '2.50', 'The logbook and online pitch don\'t really seem to match up much, so how can you make things a little bit more clear?', '3.50'),
(134, 19, 50, '14.00', '8.00', '8.00', '8.50', '4.00', '4.50', '4.50', '9.00', '4.50', '4.00', '4.50', '4.50', '														', '4.50'),
(135, 39, 50, '13.00', '8.50', '8.50', '8.50', '4.00', '4.00', '4.00', '10.00', '0.00', '2.00', '1.50', '4.00', 'What will this design look like? What materials will you use as protective gear? ', '0.00'),
(136, 41, 50, '15.00', '10.00', '10.00', '10.00', '5.00', '5.00', '5.00', '9.50', '5.00', '4.00', '5.00', '4.50', 'How would you keep this sanitary if in a public setting? If it is not intended for public use, how would you make it more convenient to carry around?', '3.00'),
(137, 46, 58, '13.50', '9.50', '8.50', '9.00', '4.50', '4.00', '3.50', '9.00', '4.00', '4.00', '4.50', '4.50', '							Do you plan to make it wearable?\r\nWould it be make the person more aware of being too loud if it buzzed instead of lighting up?							', '5.00'),
(138, 46, 57, '14.00', '9.00', '9.00', '9.00', '4.00', '3.50', '3.50', '8.50', '4.50', '4.00', '5.00', '5.00', '							Do you plan on making this wearable?\r\n\r\nDo you think it would be more effective if the device buzzes instead of lighting up as the warning signal?														', '5.00'),
(139, 14, 31, '0.00', '0.00', '0.00', '0.00', '0.00', '0.00', '0.00', '0.00', '0.00', '0.00', '0.00', '0.00', '', '3.50'),
(140, 52, 57, '14.00', '9.00', '9.00', '10.00', '4.00', '3.00', '4.00', '8.00', '4.50', '4.00', '4.50', '4.50', 'Does your invention include something to write the notes with (pen, pencil)?							', '5.50'),
(141, 54, 57, '13.50', '8.00', '8.00', '7.50', '4.50', '3.50', '4.00', '8.50', '3.50', '4.00', '3.50', '4.50', 'Do you have to take apart the existing light switch to attach your product?\r\n\r\nIn your search for similar products, did you consider light switches that look like toys (Star Wars, Super Heroes, princesses,  or sports symbols)?', '4.00'),
(142, 56, 57, '13.50', '9.50', '9.50', '9.00', '4.00', '4.00', '3.50', '8.00', '4.50', '5.00', '4.50', '4.50', 'How do you think that your product differs from other sound activated devices?\r\n\r\nIs there a significant difference between your device and products such as Alexa or Siri?', '5.00'),
(143, 12, 51, '15.00', '8.00', '10.00', '6.00', '3.50', '3.00', '5.00', '8.00', '4.00', '0.00', '4.50', '5.00', 'Did you examine the difference in cost of the production or accumulation of the new jet fuel in comparison with the old fuel? ', '5.00'),
(144, 22, 51, '15.00', '10.00', '10.00', '10.00', '4.00', '4.50', '4.50', '10.00', '5.00', '5.00', '5.00', '5.00', '							Can you explain how the visual stimulation wakes you up in a more natural way? 							', '5.00'),
(145, 23, 51, '7.00', '9.00', '7.00', '9.00', '2.00', '5.00', '5.00', '7.00', '5.00', '5.00', '5.00', '3.00', 'Did you consider the charger overheating causing a fire hazard? If so, how did you change your invention so there was no fire hazards?', '3.00'),
(146, 30, 51, '15.00', '9.50', '10.00', '10.00', '5.00', '5.00', '5.00', '10.00', '5.00', '5.00', '5.00', '5.00', '', '5.00'),
(147, 41, 51, '15.00', '9.00', '9.00', '10.00', '5.00', '5.00', '5.00', '9.00', '5.00', '0.00', '4.00', '4.00', 'What materials would you use other than duct tape to waterproof the seals on the water filtration device you have created?', '3.00'),
(148, 14, 11, '0.00', '0.00', '0.00', '0.00', '0.00', '0.00', '0.00', '0.00', '0.00', '0.00', '0.00', '0.00', '														', '3.50'),
(149, 56, 59, '13.50', '9.50', '8.00', '8.50', '4.00', '4.00', '5.00', '8.00', '4.50', '5.00', '4.50', '4.00', '														What would be a probable cost to produce this product? \r\nHow will you sell your products? (Channel)\r\n\r\n														', '5.00'),
(150, 54, 59, '6.00', '7.50', '7.50', '8.00', '4.00', '4.00', '5.00', '7.00', '5.00', '4.00', '5.00', '4.50', '							How would you protect your idea and product? Is it very difficult to copy?		\r\nAlso... please check if the logbook was completed by the presenter or someone else. I am not sure hence expressing my doubts.					', '4.00'),
(151, 52, 59, '12.00', '9.00', '10.00', '10.00', '4.50', '5.00', '4.00', '9.50', '4.00', '5.00', '5.00', '5.00', '							Great presentation! How can you make this product more attractive to young kids? Right now it looks a little drab for that age group.							', '5.50'),
(152, 46, 59, '15.00', '8.50', '10.00', '9.00', '5.00', '4.50', '4.50', '9.50', '4.50', '5.00', '5.00', '5.00', 'Great Job! Do you plan to patent it? How will you price the product?', '5.00'),
(153, 15, 59, '0.00', '0.00', '0.00', '0.00', '0.00', '0.00', '0.00', '0.00', '0.00', '0.00', '0.00', '0.00', 'Could not open the video or the log book.', '0.00'),
(154, 1, 17, '12.00', '7.00', '6.00', '6.00', '4.00', '4.50', '4.50', '5.00', '4.50', '4.00', '4.00', '4.00', 'The project is interesting and I am amazed how recyclable plastic can be used in road construction instead of asphalt. \r\n\r\nCan they be used to fill-up the potholes that are created when snow and ice melt as part of Michigan\'s seasonal freeze-thaw cycles?\r\n', '5.00'),
(155, 6, 17, '14.00', '9.00', '9.00', '9.50', '4.50', '4.00', '4.00', '7.50', '0.00', '0.00', '5.00', '4.00', 'The project is interesting and timely. Do you think you can control your light/fan from anyplace in the world using the Internet?\r\n\r\n\r\n\r\n', '5.00'),
(156, 8, 17, '14.00', '8.00', '8.50', '5.00', '3.50', '3.00', '3.50', '9.00', '4.00', '0.00', '1.00', '4.50', 'This project is interesting and timely. I would like to see a demo of the prototype.\r\n\r\nHow you are going to give power supply to the device?', '0.00'),
(157, 11, 17, '11.50', '8.00', '8.50', '5.00', '3.00', '2.00', '3.00', '3.00', '4.00', '0.00', '4.00', '4.00', 'The project is interesting and would like to see a demo of the prototype.\r\n\r\nCan it be used for both playing and recording?\r\n', '4.00'),
(158, 40, 17, '5.50', '7.00', '4.00', '4.00', '2.50', '3.00', '3.00', '4.00', '0.00', '4.00', '0.50', '3.00', 'I would like to see the prototype and demo.\r\n\r\nHow much will it cost to make the case?', '0.00'),
(159, 8, 30, '15.00', '10.00', '10.00', '10.00', '5.00', '5.00', '5.00', '10.00', '5.00', '4.00', '4.00', '5.00', 'I love the idea of making people more aware of the trash they are producing. How do you see your product impacting the way that people think about the waste they produce?\r\nWere you able to develop a working prototype for your invention?\r\nDo you have any ideas for ways that this product could be used as a public trash receptacle? (ex. in a park or other public space)\r\nI did not see a display board in your video. Do you have one prepared for the event?\r\n', '0.00'),
(160, 22, 30, '15.00', '10.00', '10.00', '10.00', '4.50', '5.00', '4.50', '9.00', '5.00', '5.00', '5.00', '5.00', 'Your product seems very original, are there any current products on the market that  use a similar method to wake people up?\r\nI would love to hear more about the research regarding the usage of light rather than sound to wake people up in the morning. Could you explain your findings on this?\r\n', '5.00'),
(161, 27, 30, '15.00', '10.00', '10.00', '10.00', '5.00', '4.50', '5.00', '8.00', '5.00', '5.00', '5.00', '5.00', 'I love the idea of paying people for recycling because it makes people more motivated. Do you intend for this to work similarly to bottle and can deposits like we have in Michigan or will the money come from another source?\r\nHow do you think this product could impact the way that we recycle? \r\nWhat makes your cardboard compressor unique compared to similar compressors that are currently on the market?\r\n\r\n', '5.00');
INSERT INTO `tbl_judge_assessment` (`id`, `team_id`, `user_id`, `identifying_understanding`, `ideating`, `designing_building`, `testing_refinging`, `value_propoition`, `market_potential`, `social_value`, `originality`, `logbook`, `display_board`, `prototype`, `online_pitch`, `question_asked`, `live_qa`) VALUES
(162, 36, 30, '15.00', '9.00', '10.00', '10.00', '5.00', '4.50', '4.00', '9.00', '5.00', '5.00', '5.00', '5.00', 'In what situations do you see this solar panel being the most useful?\r\nWhat types of products could be charged using your device?\r\nDoes the water impact the functionality of the product?', '3.00'),
(163, 2, 30, '13.00', '8.50', '10.00', '10.00', '4.00', '4.00', '3.50', '9.00', '2.50', '2.50', '5.00', '4.00', 'I would love to learn more about the problem you were facing that led you to developing this product. Could you explain more about the application of your product to problems people face?\r\nWere there any challenges you faced while developing the prototype for your product?\r\n\r\n\r\n\r\n\r\n', '3.50'),
(164, 1, 23, '15.00', '10.00', '10.00', '10.00', '5.00', '5.00', '5.00', '10.00', '5.00', '5.00', '5.00', '5.00', '							I really like this idea! Michigan needs all the help it can get when it comes to the quality of its roads. \r\n\r\nI think your pitch was well thought out and had a lot of good information.   \r\n\r\nWould the use of the truss in the road decrease the occurrence of the formation of potholes?							', '5.00'),
(165, 11, 23, '15.00', '10.00', '10.00', '10.00', '5.00', '3.50', '3.50', '7.00', '5.00', '0.00', '5.00', '2.50', '							This is a really cool and interesting idea. I think this would be a very good way to reduce e-waste. \r\n\r\nHow would you market this to the public so that rather than viewing this as a hassle, they would view this as better than buying new?\r\n\r\nAs much as I really like your idea it was rather hard to hear what you were saying in your pitch. It isn\'t necessarily your fault, it was the loudness of the background noise. \r\n							', '4.00'),
(166, 22, 23, '15.00', '10.00', '10.00', '10.00', '5.00', '5.00', '5.00', '10.00', '5.00', '5.00', '5.00', '3.50', '							I think this is a cool idea. I think a lot of people could benefit from this invention. \r\n\r\nAlthough I thought you had a good pitch there were some points where it was hard to hear what was being said. \r\n\r\nMaybe I missed it, but what is the visible stimulus? I understand it is the light, but does it slowly turn on or does it flash? \r\n\r\nIf the light flashes rather than just turns on, how would this impact someone with light-triggered medical conditions like epilepsy? 							', '5.00'),
(167, 24, 23, '15.00', '10.00', '10.00', '10.00', '5.00', '4.50', '5.00', '10.00', '5.00', '5.00', '5.00', '3.50', '							This is a cool invention! I could see this being used often. \r\n\r\nI thought you had a good pitch but there were some parts that were difficult to understand. I think this could be fixed with a bit of practice. \r\n\r\nI like who this is being marketed to. My only question is what are you thinking the retail price is going to be? 							', '4.50'),
(168, 30, 23, '15.00', '10.00', '10.00', '10.00', '5.00', '5.00', '5.00', '10.00', '5.00', '5.00', '5.00', '5.00', '							I think this is an amazing idea! I am very impressed with how thought out this invention is. 							', '5.00'),
(169, 13, 62, '10.00', '8.50', '9.00', '5.00', '3.50', '3.50', '3.50', '8.00', '0.00', '0.00', '4.50', '2.00', 'the logbook does not match with the video pitch.', '3.50'),
(170, 19, 27, '12.50', '8.00', '9.00', '7.00', '3.50', '3.50', '3.00', '7.00', '4.00', '4.50', '5.00', '4.00', '', '4.50'),
(171, 35, 27, '15.00', '9.50', '10.00', '9.50', '4.50', '4.50', '5.00', '9.00', '5.00', '5.00', '5.00', '5.00', '', '4.50'),
(172, 37, 27, '15.00', '9.00', '9.00', '8.50', '5.00', '5.00', '5.00', '8.50', '4.50', '5.00', '5.00', '5.00', '', '4.50'),
(173, 9, 27, '13.00', '7.00', '7.00', '6.00', '3.50', '2.00', '4.00', '7.50', '1.50', '0.00', '3.00', '3.00', '', '3.00'),
(174, 14, 27, '0.00', '0.00', '0.00', '0.00', '0.00', '0.00', '0.00', '0.00', '0.00', '0.00', '0.00', '0.00', '							I am unsure if there is a technological issue on my end, but at this point I have no material available to judge.							', '3.50'),
(175, 12, 62, '13.50', '9.00', '8.50', '7.00', '4.50', '4.00', '4.50', '9.00', '5.00', '0.00', '0.00', '4.50', 'For the next level, you need to have some sort of prototype, even if it a dummy one. A display board would be very effective in your video pitch												', '5.00'),
(176, 3, 62, '10.50', '5.50', '5.50', '6.50', '5.00', '4.50', '5.00', '5.50', '3.00', '0.00', '4.00', '3.50', 'Need to add the thumb in the prototype or explain in the logbook why it is not needed', '4.00'),
(177, 16, 20, '0.00', '0.00', '0.00', '0.00', '0.00', '0.00', '0.00', '0.00', '0.00', '0.00', '0.00', '0.00', 'There is no project for evaluation for this team till 2nd March 10.50 pm. ', '0.00'),
(178, 16, 48, '0.00', '0.00', '0.00', '0.00', '0.00', '0.00', '0.00', '0.00', '0.00', '0.00', '0.00', '0.00', 'No submission', '0.00'),
(179, 18, 48, '0.00', '0.00', '0.00', '0.00', '0.00', '0.00', '0.00', '0.00', '0.00', '0.00', '0.00', '0.00', 'No submission ', '0.00'),
(180, 28, 64, '13.00', '8.50', '5.00', '0.00', '3.50', '3.50', '3.00', '7.50', '3.00', '4.00', '0.00', '4.50', 'Prototype and testing are important parts of this process. You dont have them', '4.50'),
(181, 12, 64, '14.00', '8.00', '8.00', '7.50', '4.00', '3.00', '4.50', '8.00', '4.50', '0.00', '0.00', '4.50', 'The display board and the prototype are important for this competition. Make sure to do them for the next level', '5.00'),
(182, 38, 64, '13.00', '8.00', '6.00', '5.00', '3.00', '3.00', '3.50', '7.00', '2.50', '4.00', '2.00', '4.50', 'Should work on refining the idea and solution', '0.00'),
(183, 33, 64, '14.00', '8.50', '9.00', '9.00', '4.50', '4.50', '4.50', '9.00', '2.00', '4.00', '4.50', '4.00', 'This can be a very good invention if you would document it well in the logbook. You have mentioned the word difficulties in the pitch but I am not sure what difficulties did you face? What other solutions were tested etc. Work on these aspects and this can be one of the good projects.', '5.00'),
(184, 26, 64, '12.50', '8.50', '8.00', '8.50', '4.00', '4.00', '3.50', '8.50', '5.00', '4.00', '4.50', '4.50', 'Good job', '5.00'),
(185, 167, 230, '14.00', '9.00', '9.50', '8.00', '5.00', '5.00', '4.00', '4.00', '8.00', '0.00', '5.00', '13.50', '', NULL),
(186, 154, 230, '13.50', '8.00', '8.00', '8.00', '4.00', '3.50', '5.00', '7.50', '8.00', '0.00', '3.00', '12.00', '', NULL),
(187, 145, 236, '13.00', '9.00', '9.00', '8.00', '4.50', '4.50', '4.50', '9.50', '8.00', '0.00', '4.00', '12.00', 'This is a fantastic idea! I love it!\r\nDo you think you can have this device work using a battery charge instead of plugged in?\r\nEspecially for the portable device. Thank you!', NULL),
(188, 147, 236, '12.50', '9.00', '9.00', '8.00', '4.50', '4.50', '4.50', '9.00', '9.00', '0.00', '4.00', '12.00', 'Great idea! You guys are awesome!\r\nWhen you speak softly, you said the app doesn\'t register the voice. Have you guys thought about a microphone and then connect it to your iPhone or the device you installed the app in? Maybe that will help in catching the words. ', NULL),
(189, 154, 236, '9.00', '7.00', '7.00', '6.00', '3.00', '3.00', '3.50', '7.50', '7.00', '0.00', '3.50', '9.00', 'Great idea! I like it!\r\nMy only concern is how would you transfer patients from the isolated area to this clinic boat? Have you thought about maybe flying a helicopter to transfer the patients to the boat?\r\n ', NULL),
(190, 164, 236, '13.00', '9.00', '9.00', '9.00', '4.50', '4.50', '4.50', '9.50', '8.00', '0.00', '4.00', '12.00', 'Fantastic idea! For the storage tank, do you think we can implement this idea on every house and use the storage water to pump back to consume it  ( pump it back right away after filtering it)?', NULL),
(191, 186, 236, '12.00', '8.50', '8.50', '8.50', '3.00', '4.00', '4.00', '8.00', '8.00', '0.00', '4.00', '12.00', 'Great idea! I see the porotype is made of cardboard. Have you thought about the actual material when you launch your  product :) Do you think plastic will hold and secure the connection?\r\n', NULL),
(192, 143, 220, '12.00', '6.50', '7.00', '7.00', '4.00', '3.00', '5.00', '10.00', '8.00', NULL, '5.00', '13.00', 'In your video pitch avoid using the word \"So\".  The pitch seemed well rehearsed but left the viewer with many questions.  If control is a key incentive to using a car how does making an autonomous vehicle satisfy that incentive?  Were things like weather, balancing of the bicycle, and battery range considered?  When stating a fact from a study that study should be specifically called out instead of saying \"A study found\".\r\nLog book is needed to properly evaluate the invention.', NULL),
(193, 153, 219, '14.00', '7.00', '10.00', '9.50', '5.00', '3.00', '2.00', '6.00', '4.00', NULL, '5.00', '4.00', 'Very nice presentation! Here are some tips for taking your product to the next step. When identifying the Market Potential, gather some statistics. How many people who wear glasses are having this problem with masks fogging up? You can put together a quick survey and send it out to get some quantitative data. \r\nAnother thing to consider is the social value of your product. You gave us some positive impacts (more people may wear masks), but are there any negative impacts? ', NULL),
(194, 144, 220, '14.00', '8.00', '10.00', '7.00', '4.50', '4.00', '5.00', '10.00', '7.00', NULL, '5.00', '4.00', 'The online pitch seemed like the presenters were reading off of a cue card and did not rehearse well enough.  The speech was too fast and rushed, with too much content for a pitch.  The design alternatives were very similar and did not address the overall problem statement of document fraud.  It would have been better to identify two different solutions and settle on the pen.\r\nTesting did not result in product improvement, or suggestions for product improvement.\r\nMarket study did not address that this invention would require people to carry an additional form of verification and could be seen as an inconvenience. ', NULL),
(195, 157, 219, '7.00', '9.50', '6.50', '9.00', '2.00', '1.00', '2.50', '7.00', '0.00', NULL, '5.00', '5.00', 'This is a very cool idea. Here are my questions for your team.\r\n\r\nDo you have a Log Book? I am only seeing a picture of your product in the Log Book section and can only judge based off of that and your video pitch.\r\n\r\nWhat is targeted market - who are you trying to sell this product to? Is it just iPhone users? \r\n\r\nWhat is the market potential for this? How many people are having this issue and would buy your product? I suggest creating a quick market survey to get some quantitative data.\r\n', NULL),
(196, 147, 220, '13.00', '8.00', '10.00', '10.00', '3.50', '3.50', '5.00', '9.00', '7.00', NULL, '4.50', '11.50', 'In video pitch avoid using words \"Um, uh, like, stuff\".  Avoid specifically calling out ownership or work provided. \"I have to\", or \"we ending up choosing Isaac\'s design.\"\r\nThe app has a limited usefulness to just vocal recognition but does not address the instrumentation part of making music.  The other referenced apps and websites also include chords or chord progressions.  The goal  does not incorporate the entirety of music, instead focusing on a vocal tracker.\r\nCosts do not align between sections.  In the product outcome section the app is stated to be free, while in the Cost section a price and service fee are identified. Even a \"free\" app needs to provide a revenue source for backend support.  Time to develop the app is not free, but this could be stated in hours of work required.\r\nPay attention to the log book formatting, make sure answers line up to questions when using column formatting.  Avoid splitting up sections between multiple pages.\r\nIndividual contributions do not need to be identified.  Avoid statements with the word I, unless specifically asked.', NULL),
(197, 163, 219, '15.00', '10.00', '8.00', '10.00', '5.00', '5.00', '4.50', '10.00', '8.00', '0.00', '5.00', '13.50', 'This is a really unique idea! Great job with your presentation and log book.\r\n\r\nYou identified some great positive impacts that your product might have for social values. Can you think of any negative impacts that it might have as well? ', NULL),
(198, 166, 219, '15.00', '9.00', '10.00', '8.50', '4.00', '4.00', '3.50', '9.50', '8.00', '0.00', '5.00', '15.00', 'This is a very interesting concept! I have a few questions for you.\r\n\r\nHow many people are having this problem and would be interested in your solution? \r\n\r\nYou listed some great positive impacts that your product might provide. Can you think of some negative impacts as well? ', NULL),
(199, 173, 219, '11.00', '7.50', '9.00', '8.00', '4.50', '3.00', '5.00', '5.50', '8.00', NULL, '4.50', '10.50', '														', NULL),
(201, 144, 21, '8.00', '7.00', '8.00', '6.00', '4.50', '3.00', '4.00', '8.00', '10.00', '0.00', '3.00', '13.50', 'Why not just a fingerprint scanner on the phone?', NULL),
(202, 158, 21, '10.50', '7.50', '8.00', '7.50', '2.50', '2.00', '2.50', '6.50', '8.00', NULL, '3.50', '12.00', '', NULL),
(203, 172, 21, '9.00', '9.00', '8.50', '8.00', '4.00', '4.00', '4.00', '9.50', '9.00', NULL, '4.50', '15.00', 'How big does device need to be?\r\nCost?', NULL),
(204, 144, 223, '13.00', '9.00', '10.00', '9.50', '4.50', '4.50', '4.50', '9.50', '8.50', NULL, '5.00', '14.00', '', NULL),
(205, 151, 223, '11.00', '6.00', '6.00', '6.50', '2.00', '1.00', '1.00', '3.00', '5.50', NULL, '2.00', '10.00', '', NULL),
(206, 148, 224, '14.00', '10.00', '10.00', '8.50', '4.50', '5.00', '4.00', '10.00', '9.50', NULL, '4.50', '11.50', 'Hi guys. I really enjoyed your invention. I liked that you are very persistent to save our struggling planet, and you chose something I have never even thought of before. Most people go for usual oil spill cleanup inventions, or garbage clean up inventions which are already out there. But you\'re growing kelp?! Wow! Very cool and neat idea. I just want to say your pitch did feel a little rushed, and you seemed nervous. Don\'t be nervous- you have a pretty cool invention! Slow down, relax and really grab your audiences attentions. If I can make a suggestion, start your pitch off with a hook. Maybe a question or a scenario to really grab your audience\'s attention! I do have one question, will the kelp still adequately grow if there is an overwhelming amount of garbage in the ocean in that area? I was also curious as to why you chose the Pacific Northwest to place the device. I think it\'s a good idea, because the water there stays about the same temperature year around, but also consider things like tsunamis when plotting where to put the device! Overall, an interesting and cool invention. Good luck!', NULL),
(207, 150, 224, '13.00', '10.00', '10.00', '10.00', '5.00', '4.00', '4.00', '10.00', '10.00', NULL, '4.50', '13.50', 'Hi guys! I really enjoyed listening to your invention idea. I completely agree that music motivates people because when I run at the gym, if I put my music on shuffle and a slow song comes on, I\'m mad because it immediately kills my vibe. I think this is definitely something that could be marketed. I want to also say to start of your pitch by selling the audience. Ask an attention grabbing question or scenario to really capture the audience\'s attention. Overall, nicely done and I can see this being something in the future to have. Good luck!', NULL),
(208, 152, 224, '14.50', '10.00', '10.00', '10.00', '5.00', '5.00', '4.50', '10.00', '10.00', NULL, '5.00', '14.00', 'Hi guys! This was such a cool invention to read about! I think this is very useful and very important to have especially during flu and COVID seasons. It\'s honestly just crucial to have at all times of the year. I think the only questions I have are: How often would it need to be refilled with sanitizing chemicals? And how long would the adhesive last? Other than that, a job well done. Very interesting invention and I hope we have something like this in the future!', NULL),
(209, 168, 224, '14.50', '9.50', '9.50', '9.50', '4.00', '5.00', '5.00', '10.00', '9.50', NULL, '4.50', '13.50', 'Hello! Wow I am absolutely blown away by the amount of work you put into this! A job well done, definitely. I really like this invention a lot because I suffer from motion sickness myself so this definitely hit home for me. I\'ve always had interest in trying out VR, although I could never do it long because I would probably puke from the dizziness. Your invention would help a lot of people just like me! Despite all the positives, I had to give you half credit on your video pitch because it was a bad link. I know that\'s not something you can control, but maybe post it on Youtube using a public account/viewing. It told me I was forbidden to access the video. Either way, I know you submitted one so it would be unfair to give you a 0/15 on it, so I gave you half credit. This is an awesome invention. Good luck! ', NULL),
(210, 169, 224, '12.50', '4.00', '3.50', '7.00', '3.00', '5.00', '3.00', '9.00', '0.00', NULL, '4.50', '12.00', 'Hello! I really liked your idea and thought it was pretty important especially in today\'s time where everyone and anyone is on their phones and computers because we are faced with a global pandemic. I also want to say that your video pitch was the only pitch I\'ve seen that actually made me smile and laugh! I was looking for this aspect in all of the presentations, but yours was the only one that did it for me! I also wanted to say that I liked that you actually hand made a prototype and I could even see it at use! That being said, I did have to score you a 0 on logbook because you do not have one, and also there\'s not much information on different trials and errors during your invention process. I think you should add more details on different trials, add a logbook, and you also need resources to provide support for your invention. Good luck!', NULL),
(211, 150, 231, '15.00', '8.00', '9.00', '8.00', '5.00', '4.50', '5.00', '9.00', '8.00', NULL, '4.00', '12.00', 'Nice job! I would definitely use this product if you were able to expand it to include matching music to strokes per minute for a rowing machine. I don\'t think it would be too difficult to modify as you could still likely use the foot pressure sensor to measure when one pushes off to initiate the stroke.\r\nWhile the logbook is for your team, I would keep in mind that it is not *just* for your team. It would be helpful to have more detailed explanation for how you filled out the decision matrix, for example. You may also want to consider eliminating abbreviations (e.g., idk) and more conversational terms and spellings (e.g., random people, lil).\r\nIf you move on to the next round and have a chance to re-record your pitch, I would recommend 1) not having a ceiling fan in the recording frame and 2) changing the color scheme on the slide with the example of the coding as it was very difficult to read. \r\nIt would also be great to include the coding in the log book, as well as the questions and answers you received from your survey of potential users.', NULL),
(212, 156, 231, '15.00', '5.00', '6.00', '6.00', '3.00', '3.00', '3.00', '8.00', '5.00', NULL, '4.50', '7.50', 'This is a really cool idea, I just wish I knew more about it. You only used about half of your allotted pitch time, so you had the opportunity to explain more of the process of your feeder\'s design and its features. For example, how does the power cord feed through the tiny hole in the bottom of the feeder? Does it detach from the heating pad or is the hole shown not to scale?\r\n\r\nWhile the logbook is for your team, I would keep in mind that it is not *just* for your team. Here is where you could have included potential user survey questions and responses as well as a more detailed narrative about how the project progressed over time. Also, you may want to reread it to consider if everything in there is something you would want a judge to read. You spent a lot of space in your logbook on the marketing of the product, but very little on the product itself. It may be beneficial to shift your efforts to more closely fit the requirements of the project. ', NULL),
(213, 159, 231, '10.00', '7.00', '8.00', '7.00', '4.50', '4.00', '3.00', '8.00', '0.00', NULL, '5.00', '10.00', 'Handy idea! I can definitely see how this would be useful to someone who spends a lot of time in a vehicle. I do wish I understood more about the refinement process for the design. You do a nice job of describing what changes in the design occur, but it is not clear to me why those changes were made. The drawings a helpful, but really tiny in the video viewer so it is hard to make out the details. You had time extra left for your video, so you could have included fewer images per slide in order to make them larger and easier to view. Including a log book would also have made it easier to include more and larger images as well as more details about the project.\r\nSome things I wondered about: Will this fit into different sized cup holders (some are larger than others)? How does the top rubber part accommodate different shaped and sized sauce cups? It looks to be one continuous piece. Also, how does the top fit on to keep spills from happening? How much will this cost to manufacture?', NULL),
(214, 163, 231, '15.00', '10.00', '10.00', '10.00', '4.50', '4.50', '5.00', '10.00', '8.50', NULL, '4.00', '14.00', 'Such a very cool idea!\r\nIf you are to move to the next round of competition and have the opportunity to re-record your pitch, I\'d consider 1) having the slides take up more of the screen so the information on the slides is a bit larger and easier to see and 2) either not sit in a chair that swivels or be mindful of not swiveling during the presentation.\r\n\r\nI wondered about the cost of moving a home in the more traditional way. You may have had that on one of the slides but I couldn\'t clearly read it and I don\'t recall you talking about it. Also, do you have a sense of how much this system you\'ve designed will cost? Can the system be used separately from the shipping container home if someone liked the idea but wanted a home constructed from wood, let\'s say, or must they be used together? Did you do any potential user surveys? It would be great to include the questions and responses in your log book.\r\nKeep up the good work!', NULL),
(215, 169, 231, '11.00', '4.00', '7.00', '6.50', '3.00', '2.50', '2.00', '4.00', '7.00', NULL, '4.00', '11.00', 'I completely understand the need for this product, but I wish I knew more about it. Many aspects of the required information are missing. You had a lot of time left for the video, so there was the opportunity to include more information. The log book was also missing, which was another avenue for reporting on the process of the project.\r\nIt feels like an updated version of the old \"blue blocker\" glasses. It would be great to know how these are different. How much would they cost? Did you do any potential user surveys (beyond the guy in the video)? If so, what were the questions and the responses?', NULL),
(216, 145, 225, '14.00', '9.00', '8.00', '7.00', '4.50', '5.00', '4.50', '9.00', '7.00', NULL, '5.00', '13.00', '', NULL),
(217, 146, 225, '15.00', '9.00', '10.00', '7.00', '4.00', '5.00', '4.50', '6.00', '5.00', NULL, '4.00', '13.50', '', NULL),
(218, 152, 225, '15.00', '10.00', '9.50', '10.00', '5.00', '4.50', '5.00', '9.50', '10.00', NULL, '5.00', '15.00', '', NULL),
(219, 159, 225, '11.00', '7.50', '8.50', '7.00', '3.50', '3.50', '3.00', '9.00', '0.00', NULL, '4.00', '14.00', '', NULL),
(220, 143, 222, '13.00', '6.00', '9.00', '6.00', '5.00', '4.00', '4.50', '8.50', '0.00', NULL, '3.50', '9.00', 'Great Project! The Idea is very Interesting and has a lot of potential. \r\nQ: How did you come to this Idea? how was your journey during your designing process. was this your first Idea?  \r\nyour presentation was very well done! I think it would have been more informative if you had some visuals to aid your explanations.  \r\n\r\n', NULL),
(221, 145, 226, '12.50', '8.50', '10.00', '8.00', '5.00', '5.00', '5.00', '8.00', '7.00', NULL, '5.00', '14.00', 'I think this is a great invention! My only question is lets say somebody wants to use to clean a bigger space, would they buy multiple devices or would it not be as effective? Also how can we trust that it is effectively cleaning the air? Great job!!!', NULL),
(222, 150, 226, '15.00', '10.00', '10.00', '9.00', '5.00', '5.00', '5.00', '8.00', '8.50', NULL, '5.00', '15.00', 'I think this idea is super awesome:) One question  I have is what do you expect the life expectancy to be for this device? How long will it last before you need to get a new one?', NULL),
(223, 154, 226, '14.00', '10.00', '10.00', '8.50', '5.00', '5.00', '3.00', '9.00', '9.00', NULL, '5.00', '13.50', 'Super cool idea! A question I have is would this have any negative effects on our environment or the water system? And another thing I was wondering is how much would this all cost to build ?', NULL),
(224, 158, 226, '11.00', '7.50', '6.00', '5.00', '3.50', '3.00', '3.50', '7.50', '7.50', NULL, '4.50', '11.00', 'Hey good job! How do you know that this would solve the problem for overheating computers? Do you think there should be a solution that is put inside the computer itself rather than on the outside? ', NULL),
(225, 164, 226, '15.00', '10.00', '10.00', '10.00', '5.00', '5.00', '5.00', '10.00', '10.00', NULL, '5.00', '15.00', 'Hey Cali! I really enjoyed your pitch and think you idea is super cool:) I know you mentioned that this would have to be used probably in warmer climates but how much of the population that needs clean water and electricity, lives in climates that are cooler or drier and could we somehow use this invention to help them too?', NULL),
(226, 162, 222, '13.50', '10.00', '10.00', '9.00', '4.00', '4.00', '4.00', '10.00', '10.00', NULL, '3.50', '14.00', 'This Idea is Very Interesting and very helpful especially right now during this pandemic.', NULL),
(227, 184, 222, '15.00', '8.50', '9.00', '9.00', '4.00', '4.50', '5.00', '9.00', '9.00', NULL, '5.00', '14.00', '', NULL),
(228, 162, 220, '14.50', '5.00', '9.00', '8.00', '3.50', '2.50', '4.50', '9.00', '7.00', NULL, '4.00', '13.50', 'Good evaluation of sources, but should also have considered cell  phone sanitization products that do not involve washing, or similar products like Google Glass.  An opportunity exists to improve on the negative response of Google Glass .  Clever alternative to the cell phone screen.  A HUD projector may allow the shield to be replaced with minimal expense.\r\nPresentation material was well understood but speech could have use more practice.  Room to improve presentation by not having to move video image.', NULL),
(229, 168, 220, '12.00', '9.00', '8.00', '5.00', '4.00', '3.50', '4.00', '9.00', '8.00', NULL, '3.50', '13.50', 'Only one source plus personal story for problem statement.  It would have been better to have some interface.  If the original coding source was not available there are many sources to design the top level application without the backend.  Value proposition and market value were not clearly identified.\r\nVideo pitch was not available.', NULL),
(230, 153, 228, '15.00', '10.00', '10.00', '10.00', '5.00', '5.00', '5.00', '10.00', '10.00', NULL, '5.00', '14.50', 'This invention was a really good idea! I know a lot of friends and family who would definitely use one of your masks to prevent their glasses from fogging up! I like how you mentioned that this product could also help ensure people are wearing their masks correctly because their glasses fogging up would no longer pose an issue! ', NULL),
(231, 157, 228, '15.00', '8.00', '7.00', '7.00', '2.00', '1.00', '1.00', '5.00', '0.00', NULL, '1.00', '8.00', 'This was a good idea for people who constantly need to be charging their iPhones! I liked how you thought of a way to make a portable charger that doesn\'t need to charge and won\'t die soon after you start using it! One thing to improve on in the future is your logbook, the only thing that was included under your logbook link was a single picture of your invention! I would have loved to look at your diagrams, research, and overall process while watching your video and learning about your product! ', NULL),
(232, 162, 228, '15.00', '10.00', '10.00', '10.00', '5.00', '5.00', '5.00', '10.00', '10.00', NULL, '5.00', '15.00', 'Your product was such a unique and useful idea! Phones are so gross and collect so many germs, it would be really useful and practical to invest in your invention! Your research, video, and logbook were all very interesting and I enjoyed imagining the benefits of using your product on my trips to the grocery store! ', NULL),
(233, 163, 228, '13.00', '9.00', '10.00', '10.00', '5.00', '2.50', '2.50', '10.00', '10.00', NULL, '5.00', '14.50', 'Your invention was so complex and unique! This idea had never crossed my mind, but I bet this would be especially helpful in areas that are susceptible to hurricanes! I would have like to seen more about the market viability as well as the environmental and societal effects! Great invention and engineering in designing this product!', NULL),
(234, 172, 228, '15.00', '7.50', '10.00', '10.00', '5.00', '5.00', '5.00', '10.00', '10.00', NULL, '5.00', '15.00', 'This would definitely be a product that I would buy! I feel like my fresh produce always goes bad, so it was really neat seeing your research in creating a container that helps you keep your fruit fresh and eat/enjoy it at the best time! I love the detail and research that went into designing this invention! ', NULL),
(235, 164, 17, '13.00', '8.00', '8.00', '8.00', '3.00', '3.00', '3.00', '7.00', '9.00', NULL, '4.00', '14.00', 'Interesting idea and good presentation! The power generated from this approach might not enough for powering the 110 V AC home appliances - try to think about how to increase the output voltage and power. You may also use the vibration of rain falling to generate electricity using a piezoelectric element.\r\n\r\n', NULL),
(236, 166, 17, '13.00', '5.00', '7.50', '6.00', '3.00', '3.00', '3.00', '5.00', '8.00', NULL, '4.00', '12.50', 'Opening and closing windows automatically based on outside and inside temperature is a nice idea! You need to think critically does this approach solves the AC cooling and pollution problem, because opening the window might not be enough to cool the room on a hot summer day. You may think of a fan that will blow air over ice or something like that.', NULL),
(237, 173, 17, '14.00', '9.00', '8.50', '7.00', '4.50', '4.00', '4.50', '7.00', '8.00', NULL, '4.00', '13.00', 'Nice idea and well done! Next job is to program an Arduino, interface the sensor and the warning light.  ', NULL),
(238, 184, 17, '10.00', '6.00', '7.50', '6.00', '3.00', '3.00', '3.00', '5.00', '8.00', NULL, '4.00', '12.00', 'Well done. You need to check with different cameras and verify whether your design is an easy-to-use universal solution.  ', NULL),
(239, 185, 17, '13.00', '7.50', '6.00', '5.50', '4.00', '3.50', '4.00', '7.50', '5.50', NULL, '2.50', '5.00', 'Interesting idea! Write using clear and short sentences. During oral presentation, make sure the sound is clear and you are showing enthusiasm. ', NULL),
(240, 158, 223, '11.00', '6.00', '7.00', '6.00', '2.50', '1.50', '3.00', '7.50', '8.50', NULL, '4.50', '10.50', 'The video doesn\'t mention anything about the fan, and I don\'t see it on the final product, was that idea scrapped?', NULL),
(241, 172, 223, '13.50', '10.00', '9.50', '8.50', '5.00', '5.00', '4.00', '10.00', '8.50', NULL, '3.50', '14.50', '', NULL),
(242, 185, 223, '8.50', '8.50', '7.50', '5.00', '3.50', '3.00', '2.50', '9.00', '6.50', NULL, '2.50', '11.00', 'Presentation lacks energy', NULL),
(243, 168, 222, '9.00', '7.00', '8.50', '8.50', '3.50', '4.00', '4.00', '8.00', '8.00', NULL, '3.50', '13.00', '', NULL),
(244, 146, 233, '14.00', '9.00', '9.00', '8.00', '5.00', '5.00', '5.00', '9.00', '10.00', NULL, '5.00', '13.00', 'Could you go into more details about the capabilities of the UV light, filters and other mechanical air movement devices?  This might convince me that your product scientifically works.', NULL),
(245, 159, 233, '12.00', '9.00', '7.00', '7.00', '5.00', '4.00', '4.00', '9.00', '0.00', NULL, '4.00', '12.00', 'Is this device encouraging distracted driving by encouraging eating behind the wheel, or does it reduce distracted driving by making sauce locations fixed and more stable?\r\nCould you have done more testing before the final prototype was made to show your invention in use? Explain what you would do?', NULL),
(246, 167, 233, '14.00', '10.00', '10.00', '9.00', '5.00', '4.00', '4.00', '9.00', '10.00', NULL, '5.00', '14.00', 'Would using aluminum instead of plastic really make the product more recyclable?  Can a metal box vs. a plastic box do more scratching and nick-damage to boats made of coated fiberglass?  Great pitch video.  Excelled prototype.  Could you have done more testing and refining? (i.e., put an adhesive closed cell foam on the bottom of the container to make it float better and do less scratching?', NULL),
(247, 174, 233, '13.00', '9.00', '8.00', '8.00', '3.00', '4.00', '4.00', '9.00', '10.00', NULL, '4.00', '13.00', 'he social impact was well described on the sanitation side.  But what is the cost to maintain the complexity of the system?  \r\nYou clearly described the design of the product.  But you did not give any cost to build information and possible selling price - what is the premium over a toiletus regularis? (Latin/Greek?)', NULL),
(248, 186, 233, '13.00', '8.00', '5.00', '8.00', '3.00', '4.00', '4.00', '8.00', '9.00', NULL, '3.00', '13.00', 'After reviewing the logbook I can see the magnitude of the USB C cable problems.  Why did I not see any examples for guitars? This made my understanding the  presentation a bit vague.\r\nCan you describe why there were four suction cups?', NULL),
(249, 169, 229, '12.50', '7.50', '7.00', '7.00', '3.00', '2.50', '2.50', '5.00', '6.00', NULL, '4.00', '12.00', '', NULL),
(250, 148, 229, '13.00', '9.00', '8.00', '6.50', '3.00', '3.50', '4.00', '9.00', '8.50', NULL, '3.50', '12.00', '', NULL),
(251, 151, 229, '11.00', '7.50', '7.00', '3.00', '3.00', '2.00', '2.50', '4.00', '7.50', NULL, '4.00', '11.50', '', NULL),
(252, 143, 20, '13.00', '7.00', '6.00', '6.50', '3.50', '4.00', '3.50', '7.50', '8.00', NULL, '3.50', '12.00', '', NULL),
(253, 147, 20, '15.00', '10.00', '9.00', '10.00', '5.00', '5.00', '5.00', '8.00', '8.00', NULL, '4.50', '13.00', '', NULL),
(254, 151, 20, '10.00', '5.00', '5.00', '3.00', '2.00', '1.00', '3.00', '5.00', '7.00', NULL, '3.00', '11.00', '', NULL),
(255, 170, 229, '14.00', '8.50', '10.00', '10.00', '4.00', '3.50', '3.50', '7.00', '10.00', NULL, '4.50', '13.00', '', NULL),
(256, 156, 20, '7.00', '5.00', '5.00', '3.00', '2.00', '1.00', '2.00', '5.00', '5.00', NULL, '3.00', '7.00', '', NULL),
(257, 184, 20, '15.00', '10.00', '9.00', '9.00', '5.00', '5.00', '5.00', '8.00', '8.00', NULL, '5.00', '14.00', '', NULL),
(258, 185, 229, '10.50', '8.00', '5.00', '4.00', '4.00', '4.50', '4.50', '9.00', '5.00', NULL, '2.00', '8.50', '', NULL),
(259, 166, 221, '10.50', '8.00', '7.50', '8.00', '3.50', '2.50', '3.00', '8.00', '7.50', NULL, '4.50', '12.50', '', NULL),
(260, 153, 221, '9.00', '7.00', '7.00', '7.50', '3.50', '3.00', '3.50', '6.00', '6.00', NULL, '4.00', '8.50', '', NULL),
(261, 156, 221, '9.50', '7.00', '6.50', '6.00', '3.00', '3.00', '4.00', '6.00', '5.00', NULL, '2.50', '9.00', '', NULL),
(262, 170, 221, '11.00', '8.00', '7.00', '4.00', '4.00', '4.00', '4.50', '8.00', '7.50', NULL, '3.50', '11.00', '														', NULL),
(263, 174, 221, '11.50', '6.00', '7.00', '7.00', '3.50', '3.50', '4.00', '8.00', '7.50', NULL, '4.00', '10.00', '', NULL),
(264, 157, 237, '10.00', '8.50', '6.50', '7.50', '4.00', '4.00', '4.50', '10.00', '5.00', NULL, '3.50', '11.50', 'I love the idea that you guys have, it will be very practical and something millions of people would use. I really like how you guys plan to use reusable material to build the product. I wish you guys submitted more within the logbook. It would of been nice to be able to see the sketches for the product. It also would of been nice to have more information about the circuit you guys want to use. The video quality was not the best and wish you guys worked on it. Overall the idea is amazing and I hope you guys continues to work on this product so i might buy it for my camping trips.', NULL),
(265, 167, 237, '14.00', '9.00', '9.50', '8.00', '4.50', '5.00', '5.00', '9.00', '9.50', NULL, '4.50', '14.50', 'It is a great and Very practical idea, amazing job guys. This product is a very simple idea that solves a problem that we are all dealing with. The logbook was great, had all the information that I wanted to see. The only thing that I would of like to see was having the product floating in sometime of body of water. Overall amazing job, please continue working on this ', NULL),
(266, 146, 59, '15.00', '8.00', '10.00', '9.00', '5.00', '4.00', '5.00', '8.00', '10.00', NULL, '4.00', '14.00', '', NULL),
(267, 148, 59, '13.00', '7.00', '9.00', '8.00', '4.00', '4.00', '5.00', '10.00', '10.00', NULL, '3.00', '14.00', '', NULL),
(268, 152, 59, '15.00', '9.00', '10.00', '10.00', '5.00', '5.00', '5.00', '8.00', '10.00', NULL, '5.00', '14.00', '', NULL),
(269, 170, 59, '10.00', '8.00', '8.00', '8.00', '3.00', '3.00', '4.00', '8.00', '8.00', NULL, '3.00', '13.00', '', NULL),
(270, 129, 56, '8.00', '5.00', '6.00', '7.00', '3.00', '3.00', '4.00', '5.00', '4.00', NULL, '4.00', '10.00', '', NULL),
(271, 126, 56, '8.50', '8.00', '6.00', '6.00', '4.00', '4.00', '4.00', '7.00', '6.00', NULL, '4.00', '10.00', '', NULL),
(272, 134, 56, '0.00', '0.00', '0.00', '0.00', '0.00', '0.00', '0.00', '0.00', '0.00', NULL, '0.00', '0.00', '', NULL),
(273, 157, 56, '10.50', '8.00', '7.50', '8.00', '3.00', '3.50', '3.50', '7.50', '0.00', NULL, '4.50', '12.50', '', NULL),
(274, 137, 56, '8.50', '8.00', '6.50', '7.50', '4.00', '4.00', '4.00', '8.00', '8.00', NULL, '4.00', '12.00', '', NULL),
(275, 125, 56, '0.00', '0.00', '0.00', '0.00', '0.00', '0.00', '0.00', '0.00', '0.00', NULL, '0.00', '0.00', 'test', NULL),
(276, 110, 56, '12.00', '7.50', '8.00', '6.50', '4.00', '4.00', '4.00', '6.50', '8.50', NULL, '4.00', '11.50', '', NULL),
(277, 134, 234, '0.00', '0.00', '0.00', '0.00', '0.00', '0.00', '0.00', '0.00', '0.00', NULL, '0.00', '0.00', '', NULL),
(278, 129, 234, '12.00', '8.00', '6.50', '7.50', '3.50', '4.00', '4.00', '8.00', '7.50', NULL, '4.50', '13.00', '', NULL),
(279, 126, 234, '7.50', '7.00', '7.00', '7.50', '4.00', '3.50', '4.00', '7.00', '7.00', NULL, '4.00', '10.50', '', NULL),
(280, 125, 234, '0.00', '0.00', '0.00', '0.00', '0.00', '0.00', '0.00', '0.00', '0.00', NULL, '0.00', '0.00', '', NULL),
(281, 137, 234, '12.50', '8.50', '9.00', '8.00', '4.00', '4.50', '4.50', '8.00', '8.50', NULL, '4.50', '12.50', '', NULL),
(282, 110, 234, '10.50', '8.00', '8.00', '8.00', '4.50', '4.50', '4.50', '7.50', '8.00', NULL, '4.00', '13.00', '', NULL),
(283, 109, 245, '0.00', '0.00', '0.00', '0.00', '0.00', '0.00', '0.00', '0.00', '0.00', NULL, '0.00', '0.00', '', NULL),
(284, 110, 245, '11.50', '8.50', '8.50', '8.00', '4.00', '4.50', '4.00', '7.00', '8.50', NULL, '4.00', '12.50', '', NULL),
(285, 125, 245, '0.00', '0.00', '0.00', '0.00', '0.00', '0.00', '0.00', '0.00', '0.00', NULL, '0.00', '0.00', '', NULL),
(286, 126, 245, '9.00', '8.00', '7.00', '8.00', '4.00', '3.50', '4.00', '8.00', '8.50', NULL, '4.00', '11.00', '', NULL),
(287, 129, 245, '13.00', '9.00', '8.50', '8.50', '4.00', '4.00', '4.00', '6.50', '7.50', NULL, '4.50', '12.50', '', NULL),
(288, 134, 245, '0.00', '0.00', '0.00', '0.00', '0.00', '0.00', '0.00', '0.00', '0.00', NULL, '0.00', '0.00', '', NULL),
(289, 137, 245, '12.50', '8.00', '8.50', '7.00', '4.00', '4.00', '4.00', '8.00', '7.00', NULL, '4.50', '12.00', '', NULL),
(290, 149, 245, '0.00', '0.00', '0.00', '0.00', '0.00', '0.00', '0.00', '0.00', '0.00', NULL, '0.00', '0.00', '', NULL),
(291, 155, 245, '0.00', '0.00', '0.00', '0.00', '0.00', '0.00', '0.00', '0.00', '0.00', NULL, '0.00', '0.00', '', NULL),
(292, 175, 245, '11.00', '8.00', '8.00', '7.00', '3.50', '4.50', '4.50', '8.50', '7.00', NULL, '3.50', '10.50', '', NULL),
(293, 173, 234, '12.00', '8.00', '8.00', '7.50', '4.00', '4.00', '4.00', '6.00', '8.50', NULL, '4.00', '12.00', '', NULL),
(294, 186, 218, '12.50', '8.00', '8.50', '8.50', '3.00', '4.00', '4.00', '8.00', '8.50', NULL, '4.00', '13.00', '', NULL),
(295, 174, 218, '12.50', '8.00', '8.50', '8.00', '3.00', '3.50', '4.00', '8.50', '9.00', NULL, '4.00', '13.50', '', NULL),
(296, 175, 56, '11.00', '8.00', '7.50', '7.50', '4.00', '4.00', '4.00', '7.50', '7.50', NULL, '4.00', '8.50', '', NULL),
(297, 175, 235, '10.50', '8.00', '7.50', '7.00', '4.00', '4.00', '4.00', '7.50', '7.50', NULL, '4.00', '11.00', '', NULL);

-- --------------------------------------------------------

--
-- Table structure for table `tbl_judge_team`
--

DROP TABLE IF EXISTS `tbl_judge_team`;
CREATE TABLE `tbl_judge_team` (
  `id` int(10) NOT NULL,
  `team_id` int(11) DEFAULT NULL,
  `user_id` int(11) DEFAULT NULL,
  `year` varchar(20) DEFAULT NULL
) ENGINE=InnoDB DEFAULT CHARSET=utf8mb4;

--
-- Dumping data for table `tbl_judge_team`
--

INSERT INTO `tbl_judge_team` (`id`, `team_id`, `user_id`, `year`) VALUES
(12, 4, 12, '2020'),
(13, 3, 12, '2020'),
(14, 36, 12, '2020'),
(15, 25, 12, '2020'),
(16, 28, 12, '2020'),
(17, 42, 53, '2020'),
(19, 32, 53, '2020'),
(20, 5, 53, '2020'),
(22, 26, 53, '2020'),
(23, 31, 21, '2020'),
(24, 7, 21, '2020'),
(25, 43, 21, '2020'),
(26, 9, 21, '2020'),
(27, 20, 21, '2020'),
(28, 42, 38, '2020'),
(29, 41, 38, '2020'),
(30, 32, 38, '2020'),
(31, 5, 38, '2020'),
(32, 10, 38, '2020'),
(38, 31, 13, '2020'),
(40, 4, 13, '2020'),
(41, 20, 13, '2020'),
(42, 25, 13, '2020'),
(44, 7, 7, '2020'),
(45, 4, 7, '2020'),
(46, 43, 7, '2020'),
(47, 20, 7, '2020'),
(53, 3, 7, '2020'),
(54, 31, 54, '2020'),
(55, 27, 54, '2020'),
(56, 34, 54, '2020'),
(57, 26, 54, '2020'),
(58, 39, 54, '2020'),
(59, 7, 14, '2020'),
(60, 43, 14, '2020'),
(62, 28, 14, '2020'),
(63, 13, 14, '2020'),
(74, 2, 13, '2020'),
(75, 21, 53, '2020'),
(76, 29, 14, '2020'),
(77, 35, 27, '2020'),
(78, 37, 27, '2020'),
(79, 9, 27, '2020'),
(80, 19, 27, '2020'),
(81, 14, 27, '2020'),
(82, 27, 11, '2020'),
(83, 14, 11, '2020'),
(84, 19, 11, '2020'),
(85, 38, 11, '2020'),
(86, 21, 11, '2020'),
(87, 42, 31, '2020'),
(88, 10, 31, '2020'),
(89, 34, 31, '2020'),
(90, 14, 31, '2020'),
(91, 24, 31, '2020'),
(97, 41, 50, '2020'),
(98, 10, 50, '2020'),
(99, 19, 50, '2020'),
(100, 13, 50, '2020'),
(101, 39, 50, '2020'),
(102, 6, 17, '2020'),
(103, 40, 17, '2020'),
(104, 8, 17, '2020'),
(105, 1, 17, '2020'),
(106, 11, 17, '2020'),
(107, 6, 49, '2020'),
(108, 33, 49, '2020'),
(109, 36, 49, '2020'),
(110, 35, 49, '2020'),
(111, 29, 49, '2020'),
(112, 22, 23, '2020'),
(113, 30, 23, '2020'),
(114, 1, 23, '2020'),
(115, 24, 23, '2020'),
(116, 11, 23, '2020'),
(117, 22, 51, '2020'),
(118, 30, 51, '2020'),
(119, 23, 51, '2020'),
(120, 41, 51, '2020'),
(121, 12, 51, '2020'),
(122, 27, 30, '2020'),
(123, 8, 30, '2020'),
(124, 2, 30, '2020'),
(125, 22, 30, '2020'),
(126, 36, 30, '2020'),
(127, 32, 18, '2020'),
(128, 9, 18, '2020'),
(129, 25, 18, '2020'),
(130, 37, 18, '2020'),
(131, 39, 18, '2020'),
(132, 6, 25, '2020'),
(133, 21, 25, '2020'),
(134, 40, 25, '2020'),
(135, 33, 25, '2020'),
(136, 23, 25, '2020'),
(137, 11, 19, '2020'),
(138, 35, 19, '2020'),
(139, 29, 19, '2020'),
(140, 24, 19, '2020'),
(141, 30, 19, '2020'),
(142, 34, 8, '2020'),
(143, 38, 8, '2020'),
(144, 37, 8, '2020'),
(145, 2, 8, '2020'),
(146, 40, 8, '2020'),
(147, 5, 55, '2020'),
(148, 1, 55, '2020'),
(149, 48, 20, '2020'),
(150, 50, 20, '2020'),
(151, 51, 20, '2020'),
(152, 47, 20, '2020'),
(153, 16, 20, '2020'),
(154, 18, 56, '2020'),
(155, 48, 56, '2020'),
(156, 51, 56, '2020'),
(157, 47, 56, '2020'),
(158, 53, 56, '2020'),
(159, 50, 26, '2020'),
(160, 16, 26, '2020'),
(161, 18, 26, '2020'),
(162, 53, 26, '2020'),
(163, 17, 26, '2020'),
(165, 15, 24, '2020'),
(166, 17, 24, '2020'),
(167, 51, 24, '2020'),
(169, 47, 24, '2020'),
(171, 50, 48, '2020'),
(173, 48, 48, '2020'),
(175, 53, 48, '2020'),
(176, 15, 55, '2020'),
(177, 17, 55, '2020'),
(178, 56, 57, '2020'),
(179, 54, 57, '2020'),
(180, 52, 57, '2020'),
(181, 46, 57, '2020'),
(182, 56, 58, '2020'),
(183, 54, 58, '2020'),
(184, 46, 58, '2020'),
(185, 52, 58, '2020'),
(186, 56, 59, '2020'),
(187, 54, 59, '2020'),
(188, 46, 59, '2020'),
(189, 52, 59, '2020'),
(190, 13, 62, '2020'),
(191, 8, 63, '2020'),
(192, 15, 59, '2020'),
(193, 23, 63, '2020'),
(194, 45, 55, '2020'),
(195, 55, 55, '2020'),
(196, 3, 62, '2020'),
(197, 12, 62, '2020'),
(198, 18, 48, '2020'),
(199, 16, 48, '2020'),
(200, 12, 64, '2020'),
(201, 26, 64, '2020'),
(202, 38, 64, '2020'),
(203, 33, 64, '2020'),
(204, 28, 64, '2020'),
(205, 12, 9, '2020'),
(206, 26, 9, '2020'),
(207, 38, 9, '2020'),
(208, 33, 9, '2020'),
(209, 28, 9, '2020'),
(213, 151, 20, '2021'),
(215, 147, 20, '2021'),
(216, 170, 59, '2021'),
(217, 152, 59, '2021'),
(218, 148, 59, '2021'),
(219, 150, 231, '2021'),
(220, 169, 231, '2021'),
(222, 172, 21, '2021'),
(223, 158, 21, '2021'),
(224, 144, 21, '2021'),
(225, 146, 233, '2021'),
(227, 159, 233, '2021'),
(228, 145, 236, '2021'),
(229, 164, 236, '2021'),
(230, 154, 236, '2021'),
(234, 153, 219, '2021'),
(235, 173, 219, '2021'),
(236, 163, 219, '2021'),
(237, 156, 221, '2021'),
(238, 166, 221, '2021'),
(239, 174, 221, '2021'),
(241, 162, 220, '2021'),
(244, 186, 218, '2021'),
(246, 151, 229, '2021'),
(247, 185, 229, '2021'),
(250, 152, 224, '2021'),
(251, 148, 224, '2021'),
(252, 150, 224, '2021'),
(253, 169, 224, '2021'),
(255, 172, 223, '2021'),
(256, 158, 223, '2021'),
(257, 144, 223, '2021'),
(258, 146, 225, '2021'),
(260, 159, 225, '2021'),
(261, 145, 226, '2021'),
(262, 164, 226, '2021'),
(263, 154, 226, '2021'),
(266, 184, 222, '2021'),
(267, 153, 228, '2021'),
(268, 157, 228, '2021'),
(269, 162, 228, '2021'),
(270, 167, 230, '2021'),
(276, 170, 229, '2021'),
(284, 151, 223, '2021'),
(285, 185, 223, '2021'),
(286, 152, 225, '2021'),
(288, 145, 225, '2021'),
(289, 150, 226, '2021'),
(290, 158, 226, '2021'),
(292, 172, 228, '2021'),
(293, 157, 219, '2021'),
(295, 185, 17, '2021'),
(296, 164, 17, '2021'),
(297, 166, 17, '2021'),
(299, 173, 17, '2021'),
(313, 144, 220, '2021'),
(314, 147, 236, '2021'),
(315, 147, 220, '2021'),
(316, 163, 228, '2021'),
(317, 154, 230, '2021'),
(319, 186, 236, '2021'),
(320, 148, 229, '2021'),
(321, 169, 229, '2021'),
(323, 146, 59, '2021'),
(324, 170, 221, '2021'),
(325, 153, 221, '2021'),
(326, 184, 17, '2021'),
(328, 159, 231, '2021'),
(330, 162, 222, '2021'),
(331, 167, 233, '2021'),
(332, 166, 219, '2021'),
(334, 174, 218, '2021'),
(335, 163, 231, '2021'),
(336, 156, 231, '2021'),
(337, 186, 233, '2021'),
(338, 174, 233, '2021'),
(339, 184, 20, '2021'),
(340, 168, 224, '2021'),
(341, 168, 222, '2021'),
(342, 143, 222, '2021'),
(343, 143, 220, '2021'),
(344, 168, 220, '2021'),
(347, 143, 20, '2021'),
(348, 156, 20, '2021'),
(353, 157, 237, '2021'),
(355, 167, 237, '2021'),
(356, 157, 56, '2021'),
(357, 110, 234, '2021'),
(358, 134, 234, '2021'),
(359, 137, 234, '2021'),
(360, 125, 234, '2021'),
(361, 129, 234, '2021'),
(362, 126, 234, '2021'),
(363, 110, 56, '2021'),
(364, 134, 56, '2021'),
(365, 125, 56, '2021'),
(366, 126, 56, '2021'),
(367, 137, 56, '2021'),
(368, 129, 56, '2021'),
(369, 110, 245, '2021'),
(370, 134, 245, '2021'),
(371, 129, 245, '2021'),
(372, 137, 245, '2021'),
(373, 125, 245, '2021'),
(374, 126, 245, '2021'),
(375, 173, 234, '2021'),
(376, 149, 245, '2021'),
(377, 175, 245, '2021'),
(378, 109, 245, '2021'),
(379, 155, 245, '2021'),
(380, 149, 56, '2021'),
(381, 175, 56, '2021'),
(382, 109, 56, '2021'),
(383, 155, 56, '2021'),
(384, 149, 235, '2021'),
(385, 175, 235, '2021'),
(386, 109, 235, '2021'),
(387, 155, 235, '2021');

-- --------------------------------------------------------

--
-- Table structure for table `tbl_student_mentor`
--

DROP TABLE IF EXISTS `tbl_student_mentor`;
CREATE TABLE `tbl_student_mentor` (
  `id` int(11) NOT NULL,
  `student_id` int(11) DEFAULT NULL,
  `mentor_id` int(11) DEFAULT NULL,
  `approve` int(11) NOT NULL DEFAULT -1
) ENGINE=InnoDB DEFAULT CHARSET=utf8;

--
-- Dumping data for table `tbl_student_mentor`
--

INSERT INTO `tbl_student_mentor` (`id`, `student_id`, `mentor_id`, `approve`) VALUES
(8, 107, 93, 1),
(9, 108, 91, 1),
(10, 112, 91, 1),
(11, 113, 91, 1),
(12, 114, 91, 1),
(13, 115, 91, 1),
(14, 116, 91, 1),
(15, 117, 91, 1),
(16, 118, 91, 1),
(17, 119, 91, 1),
(18, 120, 91, 1),
(19, 121, 91, 1),
(20, 122, 91, 1),
(21, 123, 91, 1),
(22, 124, 91, 1),
(23, 125, 91, 1),
(24, 126, 91, 1),
(25, 127, 91, 1),
(26, 128, 111, 1),
(27, 129, 111, 0),
(28, 130, 91, 1),
(29, 131, 91, 1),
(30, 133, 111, 1),
(31, 134, 111, 1),
(32, 136, 111, 1),
(33, 137, 111, 1),
(34, 138, 111, 1),
(35, 139, 111, 1),
(36, 140, 111, 1),
(37, 141, 111, 1),
(38, 143, 111, 1),
(39, 144, 111, 1),
(40, 145, 111, 1),
(41, 146, 111, 1),
(42, 147, 111, 1),
(43, 149, 111, 1),
(44, 150, 111, 1),
(45, 151, 111, 1),
(46, 152, 111, 1),
(47, 153, 111, 1),
(48, 154, 93, 1),
(49, 155, 93, 1),
(50, 156, 93, -1),
(51, 157, 93, 1),
(52, 158, 93, 1),
(53, 159, 91, 1),
(55, 161, 5, 1),
(56, 162, 91, 1),
(57, 163, 91, 1),
(58, 164, 91, 1),
(59, 165, 91, 1),
(60, 166, 91, 1),
(61, 167, 91, 1),
(62, 168, 91, 1),
(63, 169, 91, 1),
(64, 170, 91, 1),
(65, 171, 91, 1),
(66, 172, 91, 1),
(67, 173, 91, 1),
(68, 38, 4, 1),
(69, 174, 5, 1),
(70, 175, 87, 1),
(71, 176, 87, 1),
(72, 177, 91, 1),
(73, 178, 93, 1),
(74, 179, 93, 1),
(75, 180, 93, 1),
(76, 181, 93, 1),
(77, 182, 91, 1),
(78, 183, 5, 1),
(79, 184, 5, 1),
(80, 185, 87, 1),
(81, 186, 87, 1),
(82, 187, 111, 1),
(83, 189, 5, 1),
(84, 192, 111, 1),
(85, 193, 111, 1),
(86, 194, 111, 1),
(87, 196, 91, 1),
(88, 197, 91, 1),
(89, 198, 111, 0),
(90, 199, 111, 1),
(91, 200, 111, 1),
(92, 201, 111, 1),
(93, 202, 111, 1),
(94, 203, 111, 1),
(95, 204, 111, 1),
(96, 205, 111, 1),
(97, 206, 91, 1),
(98, 207, 91, 1),
(99, 208, 104, 1),
(100, 209, 111, 1),
(101, 210, 111, 1),
(102, 211, 91, 1),
(103, 212, 91, 1),
(104, 213, 91, 1),
(105, 214, 111, 1),
(106, 215, 91, 1),
(107, 216, 91, 1),
(108, 247, 87, -1),
(110, 249, 87, 1);

-- --------------------------------------------------------

--
-- Table structure for table `tbl_team`
--

DROP TABLE IF EXISTS `tbl_team`;
CREATE TABLE `tbl_team` (
  `id` int(10) NOT NULL,
  `project_team_name` varchar(100) DEFAULT NULL,
  `project_description` longtext DEFAULT NULL,
  `log_book` varchar(1000) DEFAULT NULL,
  `trifold` char(1) DEFAULT NULL,
  `video_pitch` varchar(1000) DEFAULT NULL,
  `power_supply` char(1) DEFAULT NULL,
  `category` varchar(1000) NOT NULL,
  `year` varchar(10) NOT NULL,
  `deleted` int(11) NOT NULL DEFAULT 0
) ENGINE=InnoDB DEFAULT CHARSET=utf8mb4;

--
-- Dumping data for table `tbl_team`
--

INSERT INTO `tbl_team` (`id`, `project_team_name`, `project_description`, `log_book`, `trifold`, `video_pitch`, `power_supply`, `category`, `year`, `deleted`) VALUES
(1, 'Recycled Truss Reinforced Road', 'Using Recyclable plastics as part of road construction', 'test_upload/Teodoru:Williams.pdf', 'Y', 'https://www.youtube.com/watch?v=pfb-gWLmZxI', 'N', '9-12', '2020', 0),
(2, 'Phsyics simulator', 'How computers can help teach physics concepts.', 'test_upload/Gankin:Park.pdf', 'Y', 'https://www.youtube.com/watch?v=_PKrHbgpuZM', 'Y', '9-12', '2020', 0),
(3, 'Low-Cost, 3D Printed Hand', 'Design and Build for a 3D Printer', 'test_upload/Bradshaw:Asad.pdf', 'Y', 'https://youtu.be/7LHvxti1xJ8', 'N', '9-12', '2020', 0),
(4, 'Foldable Mobility Walker (FEET)', 'Creating a walker that is highly portable.', 'test_upload/Rupp:Mendoza.pdf', 'Y', 'https://www.youtube.com/watch?v=8jxhgxgYkfQ', 'N', '9-12', '2020', 0),
(5, 'Recycled Plastic Textile (RePlasto)', 'Creating textiles from recyclable materials', 'test_upload/RePlasto IC project.pdf', 'Y', ' https://youtu.be/6JUlqHDij7w ', 'N', '9-12', '2020', 0),
(6, 'App Connected Voltage Divider', 'Control your electrical signals remotely.', NULL, 'Y', 'https://youtu.be/iFVjLhxtZBg', 'Y', '9-12', '2020', 0),
(7, 'Detachable Sole Running Shoe', 'Design and Test a running shoe with a removable sole', 'test_upload/Evans:Hyde.pdf', 'Y', 'https://www.youtube.com/watch?v=Ia_IYFZTCFU', 'N', '9-12', '2020', 0),
(8, 'The Weigh Can', NULL, 'test_upload/Wang:ShiomiJensen.pdf', 'Y', 'https://www.youtube.com/watch?v=33y1251nxJk', 'Y', '9-12', '2020', 0),
(9, 'Fast Braille Design', 'Students create a method for creating braille signage using rapid prototyping equipment', 'test_upload/Kirchmeier:Leal:Zhang.pdf', 'Y', 'https://www.youtube.com/watch?v=mSGI5ySHuV4', 'N', '9-12', '2020', 0),
(10, 'Saftey Shade', 'A safety tool for schools and offices to deter would be assailiants from causing harm.', 'test_upload/Villalobos:Linville.pdf', 'Y', 'https://youtu.be/vzmULbUfuVM', 'N', '9-12', '2020', 0),
(11, 'Record Player: Reused Electronics', 'A DiY Guide to recycling electrical components in a fun and exciting way', 'test_upload/hathaway:Darragh.pdf', 'Y', 'https://youtu.be/j6Evd1aesY0', 'Y', '9-12', '2020', 0),
(12, 'Biofuel Jet Engine', 'Student exploration into constructing a jet engine which runs on biofuel', 'test_upload/Eizadkhah:Sharma.pdf', 'Y', 'https://youtu.be/RZloW-sAWqg', 'N', '9-12', '2020', 0),
(13, 'Bike Prototype', 'Covered bike', 'test_upload/IC notebook.pdf', 'Y', 'https://www.youtube.com/watch?v=VzOKuR7R-uc', 'N', '9-12', '2020', 0),
(14, 'Plant H2O Sitter', 'Automatic plant watering system that has mulitiple plant species settings', NULL, 'Y', NULL, 'Y', '9-12', '2020', 0),
(15, 'Solar Charger', 'Solar Charger with battery backup with USB port', NULL, 'Y', NULL, 'Y', '6-8', '2020', 0),
(16, 'Life Guard', 'Phone APP to contact emergency services', NULL, 'Y', NULL, 'Y', '6-8', '2020', 0),
(17, 'Trash Boat', 'Remote control boat to pick up trash in waterways', NULL, 'Y', NULL, 'Y', '6-8', '2020', 0),
(18, 'Methane Detector', 'Greenhouse gas detector', NULL, 'Y', NULL, 'Y', '6-8', '2020', 0),
(19, 'Grip Rings', 'Grip rings are rubber rings that create a customizable grip on a drumstick to combat the effects of rain and sweat which diminish one\'s ability to control the drumstick.', 'test_upload/Team Drum.pdf', 'Y', 'https://youtu.be/xPDI6rpD4Cg\r\n', 'N', '9-12', '2020', 0),
(20, 'Multipurpose Side Runner', 'A product that can be used as both a side runner for a truck/SUV and a storage container for large items.', 'test_upload/Team Auto.pdf', 'Y', 'https://youtu.be/YWSaLLm_eMQ\r\n', 'N', '9-12', '2020', 0),
(21, 'Collapse-o-Can', 'A collapsable outdoor garbage receptacle paired with a vertical, fan powered garbage chute that will elimanate excess garbage in urban areas.', 'test_upload/Team Trash.pdf', 'Y', 'https://www.youtube.com/watch?v=9mXKmfU7lWU', 'N', '9-12', '2020', 0),
(22, 'Sunny Side Up', 'A product that uses visual stimuli to wake a person using a more natural process than traditional alarm clocks.', 'test_upload/Team Bed.pdf', 'Y', 'https://youtu.be/CKEBFJVkKHI\r\n', 'Y', '9-12', '2020', 0),
(23, 'Team Charger', 'A product that prevents iPhone charger cords from breaking at the base.', 'test_upload/Team Cable.pdf', 'Y', 'https://youtu.be/SmMGrXVItrE\r\n', 'N', '9-12', '2020', 0),
(24, 'Prepa', 'An automatic cooking device', 'test_upload/Log Book.pdf', 'Y', 'https://www.youtube.com/watch?v=knBnx4OWf0k', 'N', '9-12', '2020', 0),
(25, 'Leaf Me Alone', 'A mulit tool that expedites lawn clean up', 'test_upload/Copy of S2 Logbook.pdf', 'Y', 'https://www.youtube.com/watch?v=E7aE9odXJv4', 'N', '9-12', '2020', 0),
(26, 'EcoRinse', 'A system that seeks to minimize water waste in showers', 'test_upload/Liz Li S2 Log Book.pdf', 'Y', 'https://www.youtube.com/watch?v=23bJyvpfkcE', 'N', '9-12', '2020', 0),
(27, 'Cardboard ATM', 'Recycles Cardboard for Currency', 'test_upload/Logbook- Darryl P and Edmond H.pdf', 'Y', 'https://www.youtube.com/watch?v=LlP7ZcLg5oo', 'N', '9-12', '2020', 0),
(28, 'Magnet Power', 'A product that generates electricity with Magnents', 'test_upload/Copy of  Log BookS2 -.pdf', 'Y', 'https://www.youtube.com/watch?v=UVMIrHE8VEA', 'N', '9-12', '2020', 0),
(29, 'RTCA', 'Retractable Table Cover Attachment', 'test_upload/Log Book .pdf', 'Y', 'https://www.youtube.com/watch?v=hOWiRs7nwPM', 'N', '9-12', '2020', 0),
(30, 'RID', 'Respritory Illness Diagnosis Machine', 'test_upload/Logbook.pdf', 'Y', 'https://www.youtube.com/watch?v=czjaR8jcrJc', 'N', '9-12', '2020', 0),
(31, 'AstroTrack', 'An approach to detect, recover, and characterize minor planets', 'test_upload/Logbook Invention Convention 2020 Anirudh Cowlagi.pdf', 'Y', 'https://www.youtube.com/watch?v=_KMu5nGw0Cw', 'N', '9-12', '2020', 0),
(32, 'UrbaGrow', 'Modular Urban Growing House', 'test_upload/Logbook (1).pdf', 'Y', 'https://www.youtube.com/watch?v=ESQK3_9GvUI', 'N', '9-12', '2020', 0),
(33, 'The Dumper Helper', 'Dumps objects/material from the bed of a truck', 'test_upload/Log Book (1).pdf', 'Y', 'https://www.youtube.com/watch?v=mPhC7GJeblI', 'N', '9-12', '2020', 0),
(34, 'Doggy Door', 'Device that helps busy pet owners', 'test_upload/Log Book (2).pdf', 'Y', 'https://www.youtube.com/watch?v=YtZsQFrHguc', 'N', '9-12', '2020', 0),
(35, 'Terratracer', 'A technique to track and characterize leaf coverage data', 'test_upload/TerraTracer Logbook.pdf', 'Y', 'https://www.youtube.com/watch?v=XBuu2GRdLEg', 'N', '9-12', '2020', 0),
(36, 'Solar Turtle', 'Smaller version of Portable Solar Panels', 'test_upload/S2 Logbook (1).pdf', 'Y', 'https://www.youtube.com/watch?v=leDNG578sF4', 'N', '9-12', '2020', 0),
(37, 'Perceive the Puzzle', 'Portable EEG for autistic individuals', 'test_upload/Perceive the Puzzle Logbook.pdf', 'Y', 'https://www.youtube.com/watch?v=L4t8-fxyCQo&feature=youtu.be', 'N', '9-12', '2020', 0),
(38, 'Ink Remover', 'Removes Ink from Paper', 'test_upload/Q3 Engineering Project Logbook - Sheet1.pdf', 'Y', 'https://www.youtube.com/watch?v=sjgSmKvugqk', 'N', '9-12', '2020', 0),
(39, 'ProClothing', 'Protective Clothing', 'test_upload/Log Book Project #3.pdf', 'Y', 'https://www.youtube.com/watch?v=bbbKA0fTqBs', 'N', '9-12', '2020', 0),
(40, 'Universal Guitar Case', 'Universal Guitar Case for Multiple Guitars', NULL, 'Y', 'https://www.youtube.com/watch?v=HeLdOMCay0s', 'N', '9-12', '2020', 0),
(41, 'Water Fountain Filter', 'Design a modular water filter for use in drinking fountains', 'test_upload/Sara and Gemma.pdf', 'Y', 'https://youtu.be/zEXenLQX9PM', 'N', '9-12', '2020', 0),
(42, 'Water Purifier', 'Students develop a device for purifying unpotable water', 'test_upload/Nicollette Knott - LogBook Submission.pdf', 'Y', 'https://www.youtube.com/watch?v=MRsNnT_1Zl4', 'N', '9-12', '2020', 0),
(43, 'Quick Clasp Shoe', 'An innovative shoe design, where the user snaps the shoe onto the foot', 'test_upload/Gavin LaHousse and Nolan Force - Logbook Submission.pdf', 'Y', 'https://www.youtube.com/watch?v=vj1pmUtxTWE', 'N', '9-12', '2020', 0),
(45, 'Kid Kutter', 'Our prototype is a child-safe knife. It allows children to be safe when handling sharp objects.', 'test_upload/Yahya Nasser Inventors Log.pdf', 'Y', 'https://youtu.be/4XiNn6YHcHI', 'N', 'K-2', '2020', 0),
(46, 'Soft Speak', 'Device will monitor the level of sound of the user.', 'test_upload/Soft_Speak_Praseeda_Sahasra (1).pdf', 'Y', 'https://youtu.be/-dhQNZirTP4', 'N', '3-5', '2020', 0),
(47, 'Motor Shoe', 'A conveyor belted shoe that doesn\'t need training to use (like heelys but stable). ', 'test_upload/Weiran(Alice)Jiang.pdf', 'Y', 'test_upload/WhatsApp Video 2020-02-22 at 1.32.27 PM.mp4', 'N', '6-8', '2020', 0),
(48, 'Rennervate: Instant Fatigue Reducer', 'A device that removes fatigue instantly without any harmful side effects.', 'test_upload/Logbook-Suhani Dalela-Complete.pdf', 'Y', 'https://www.youtube.com/watch?v=xF6fFpowcRQ', 'N', '6-8', '2020', 0),
(50, 'Iot uses for daily needs ', 'How can technology be used to solve everyday problems in the household. ', 'test_upload/emuinvent_logbookupdatedTanayPanja.docx', 'Y', 'https://youtu.be/F-sWS02OmdY', 'Y', '6-8', '2020', 0),
(51, 'WIZEN', 'The project is about organizing wires behind any electronic devices like (play station, Computer). this is test', 'test_upload/Asishram Reddy Tamalampudi.pdf', 'Y', 'https://youtu.be/W48xtv9xIlE ', 'N', '6-8', '2020', 0),
(52, 'Portable Notes', 'Habit making device in checking schedules for kids', 'test_upload/Jayani Tarane Shivakumar.pdf', 'Y', 'test_upload/jayani.mp4', 'N', '3-5', '2020', 0),
(53, 'Rain Water Filter', 'The problem that my invention solves is rainwater is getting polluted and getting into our rivers.', 'test_upload/Hemanth Tavane.pdf', 'Y', 'https://youtu.be/mbs_Mv3WJEk', 'N', '6-8', '2020', 0),
(54, 'Kids Habit Developer for switching off light', 'Get kids in the habit of turning light off by novel soft toy w/loop rod is fixed on the switch lever', 'test_upload/Abhidha Hoshing_ Sreeansh Kurane.pdf', 'Y', 'https://youtu.be/A4OpAXIvD20', 'N', '3-5', '2020', 0),
(55, 'Sports Cone Organizer', 'Device to collect and organize sports cones.', 'test_upload/Liam Spencer.pdf', 'Y', 'https://youtu.be/7tgHSjARIrU ', 'N', 'K-2', '2020', 0),
(56, 'Child Habit Developer', 'prototype helps kids to perform their routine actions in right way using build in PIR motion sensors', 'test_upload/Sreeansh Kurane _Abhidha Hoshing-Complete.pdf', 'Y', 'https://youtu.be/aeWxCM1NhZk', 'N', '3-5', '2020', 0),
(85, 'Tanay Panja', 'Machine learning for smart delivery is an access control system using machine learning and image recognition. This can create a more secure environment for groceries and supplies, as it will identify the face to see who it is and allow access to them to their food. It runs on solar power, and shipments can be combined to conserve fossil fuels, making it an ideal system.\r\nThe Delivery robot will have wheels and drawers for different items. I developed a program in Python 3 that uses a machine-learning algorithm to automate better access control for the delivery robot so that the robot can unlock the right container, based on image recognition. This type of robot can combine deliveries and prevent customers from driving hundreds of miles for items to help avoid emitting greenhouse gases from fossil fuels of cars. Providing better access control can prevent theft and misplacement of items so that the right items can be delivered to the right owner in the same route. Better access control can help reduce transportation for grocery and other items among many persons. We can combine the shipments of multiple customers using delivery carpools.\r\nThe access control based on image recognition will open the lock for the right drawer so the right food is delivered to the right person and dont have to travel by road to get the food from the cafeteria/or shops. Also, the delivery robot combines food delivery by room numbers in the same building. The car built by me is a prototype of a delivery robot, and Ive used a VNC Viewer to control the movement of the car remotely using a laptop, iPad, or phone. It currently uses the internet to connect to the remote control of the car. VNC is a remote control software that allows you to view and interact with a Raspberry Pi using a simple program (the \"viewer\") on another computer/mobile device anywhere on the Internet.\r\n', NULL, NULL, NULL, NULL, '6-8', '2021', 1),
(86, 'Saline Heritage RoboSwarm', 'We have an invention that helps solve the problem of losing focus because you are sitting for too long!', NULL, NULL, NULL, NULL, '3-5', '2021', 1),
(93, 'Saline Heritage RoboSwarm', 'Our team has invented a physical device that helps you stay focused throughout the day with periodic reminders to get up and be active.', NULL, NULL, NULL, NULL, '3-5', '2021', 1),
(94, 'Saline Heritage RoboSwarm', 'Our team has invented a physical device that helps you stay focused throughout the day with periodic reminders to get up and be active.', NULL, NULL, NULL, NULL, '3-5', '2021', 1),
(109, 'S & E Products', 'No Fog Face Mask specifically developed for people who wear glasses', NULL, NULL, NULL, NULL, '9-12', '2021', 0),
(110, 'CleanCube', 'A cubicle that helps disinfects people and other materials that need sanitizing.', '../test_upload/Praseeda_Sanitizing_cubicle_emuinvent_logbook.docx', NULL, 'https://youtu.be/gB59C7MtehU', NULL, '3-5', '2021', 0),
(125, 'TAHAteam', 'PD2k', '../test_upload/Judging Form.pdf', NULL, '../test_upload/sample_640x360.mp4', NULL, '3-5', '2021', 0),
(126, 'The SOS Mini', 'The problem our invention solves is the problem when someone is in trouble and they cant contact anybody for help. This particularly happens with children who can get lost, kidnapped, or worse. Many many kids dont have phones or other devices in which they can contact their parents in an emergency. Older people that have phones and forget stuff easily can use our device.\r\n\r\n', '../test_upload/LogBook Final- Sammer & Khalid.docx', NULL, 'https://www.youtube.com/watch?v=5at270XUmig&feature=emb_logo', NULL, '3-5', '2021', 0),
(127, 'BiBiNAAM', 'What a discription', NULL, NULL, NULL, NULL, '3-5', '2021', 1),
(128, 'Rohit Mahesh', 'A concussion detection device that tracks a person\'s gait and sends real-time alerts if concussion symptoms are shown.', '../test_upload/RohitMahesh emuinvent_logbook - Concussion Alert.docx - Google Docs.pdf', NULL, 'https://youtu.be/TzHQspK_vZw', NULL, '6-8', '2021', 0),
(129, 'The Mask Hat', 'Keeps people from forgetting to wear a mask and losing their masks during covid-19', '../test_upload/Spencer, Liam - Dare to Design 2021 Log.pdf', NULL, 'https://youtu.be/0zCQxsVQVaM', NULL, '3-5', '2021', 0),
(132, 'Portable Air Filtration Device', 'How to make close-quarters living more reasonable by filtering the air.', NULL, NULL, NULL, NULL, '9-12', '2021', 1),
(133, 'test', 'test\'s and more and more thest\'s this theset\'s didn\'t open the this this doesn\'t', NULL, NULL, NULL, NULL, '6-8', '2021', 1),
(134, 'Flexible Mask', 'A mask that allows you to socialize', NULL, NULL, 'https://emich.zoom.us/rec/play/ZE2A1D9owundQM7mN9Vh3OL0FHcd0Yq0I8sq82wtIDxqbu-z4cntne3y_gWL6VaVJZQfjWXyqK74_m8.2mIGi-1s9VzxRhGV', NULL, '3-5', '2021', 0),
(135, 'qwsdfghjklp', 'qwqertyi8632ewdefghjkiouythgtyuiop\';lkjhgfdsdfghjklpoiuytrdesaq', NULL, NULL, NULL, NULL, '3-5', '2021', 1),
(136, 'testing123', 'test', NULL, NULL, NULL, NULL, '3-5', '2021', 1),
(137, 'Saline Heritage RoboSwarm', 'With our Hocus Focus project, we tackle the problem that students and adults alike face these days: lack of physical activity can lead us to lose our focus on work and school.', '../test_upload/EMU INVENT Logbook.pdf', NULL, 'https://www.youtube.com/watch?v=UqcStcRg-ao', NULL, '3-5', '2021', 0),
(138, 'testing123', 'tst', NULL, NULL, NULL, NULL, '3-5', '2021', 1),
(139, 'testing', 'test', NULL, NULL, NULL, NULL, 'K-2', '2021', 1),
(140, 'testing123', 'r', NULL, NULL, NULL, NULL, 'K-2', '2021', 1),
(141, 'testing123', 'test', NULL, NULL, NULL, NULL, 'K-2', '2021', 1),
(142, 'testing123', 'test', NULL, NULL, NULL, NULL, '3-5', '2021', 1),
(143, 'Toby Wright & Efe Akinci', 'Students are exploring how to build and program a working autonomous bicycle.', '../test_upload/EfeAkinciLogBook.pdf', NULL, 'https://www.youtube.com/watch?v=IcaHc0a78e4&feature=youtu.be', NULL, '9-12', '2021', 0),
(144, 'ID Pen', 'Pen with a unique QR identifier and app mockup to help protect consumers from purchase fraud and identity theft.', '../test_upload/Project Logbook.pdf', NULL, 'https://www.youtube.com/watch?v=g7UADzgQcY8&feature=youtu.be', NULL, '9-12', '2021', 0),
(145, 'Portable Air Filtration Device', 'A portable device that uses filters and UV light to make close-quarters living safer.', '../test_upload/EDD Q3 Logbook _ Research Document.docx', NULL, 'https://youtu.be/URtv5QmIfZU', NULL, '9-12', '2021', 0),
(146, 'Indoor Eating Bubble', 'A dining enclosure with an air circulation system to allow dine-in customers at restaurants. ', '../test_upload/Q3 Logbook.pdf', NULL, 'https://youtu.be/SwbpvTQkz94', NULL, '9-12', '2021', 0),
(147, 'AI Music Tracker', 'An Artificial Intelligence that will track your voice as you sing, and will automatically scroll through the document and the lyrics.', '../test_upload/Logbook AI Music Tracker.pdf', NULL, 'https://youtu.be/3wEMetKWTzc', NULL, '9-12', '2021', 0),
(148, 'Automatic kelp elevator', 'A buoy that functions as an automatic kelp elevator for biofuel companies', '../test_upload/Kelp Project.pdf', NULL, 'https://youtu.be/CoDIMx36KNo', NULL, '9-12', '2021', 0),
(149, 'FishersPrice', 'Fishing hook who\'s barb retracts for fish safety', NULL, NULL, NULL, NULL, '9-12', '2021', 0),
(150, 'BeatRunner', 'Syncs music with a runner\'s SPM to increase motivation.', '../test_upload/BeatRunner LogBook.pdf', NULL, 'https://youtu.be/F-WQbYVJtOk', NULL, '9-12', '2021', 0),
(151, '2 in 1 Mask', 'A mask that meets the standards of a two standard masks', '../test_upload/S2- Group 1 Logbook.pdf', NULL, 'https://youtu.be/RdDq_E0o0zI', NULL, '9-12', '2021', 0),
(152, 'Auto Door Sanitizer', 'Create an attachable hand sanitizer product above door knobs to help prevent the spread of viruses, bacteria, and germs.', '../test_upload/MICG10.pdf', NULL, 'https://youtu.be/4vLxDxVDxAQ', NULL, '9-12', '2021', 0),
(153, 'Skellies', 'A mask with thermoplastic embedded in the nose piece to prevent glasses fogging up due to condensation from the user\'s breath.', '../test_upload/Official EDD MASK logbook.pdf', NULL, 'https://youtu.be/s1B_LNtURAc', NULL, '9-12', '2021', 0),
(154, 'Riverboat Clinic', 'Specifically designed riverboat that can carry out medical missions to isolated communities.', '../test_upload/LogBook.pdf', NULL, 'https://youtu.be/ZeHrPO1G640', NULL, '9-12', '2021', 0),
(155, 'Sanitization', 'A portable automated hand sanitizer dispenser for use in the car.', NULL, NULL, NULL, NULL, '9-12', '2021', 0),
(156, 'The Dream Team', 'The ideal winter bird feeder', '../test_upload/Ideal Winter Bird Feeder.pdf', NULL, 'https://youtu.be/6ubj8BrchxI', NULL, '9-12', '2021', 0),
(157, 'Team Crank', 'A charging phone case that the user can charge by hand.', '../test_upload/Crank Case Log Book.jpg', NULL, 'https://youtu.be/g0Ves1ykFHA', NULL, '9-12', '2021', 0),
(158, 'Ice Tray', 'A laptop tray that expands and allows for more efficient cooling.', '../test_upload/Brainstorming.pdf', NULL, 'https://youtu.be/axt6kxORzAw', NULL, '9-12', '2021', 0),
(159, 'Kloehn & Chadha', 'A convenient way to hold sauces while driving.', NULL, NULL, 'https://youtu.be/JDLFYV38dD8', NULL, '9-12', '2021', 0),
(160, 'Practice', 'Stuff', NULL, NULL, NULL, NULL, '9-12', '2021', 1),
(161, 'TEST', 'DEMO', NULL, NULL, NULL, NULL, '9-12', '2021', 1),
(162, 'Smart Face Shield', 'This project is a face shield with a display that can show the user\r\nnotifications, lists, weather, and other features. The Smart Face Shield is a hands-free method of being\r\nable to stay connected while staying safe.', '../test_upload/Meera Ramaswami Smart Face Shield IC Logbook (1).pdf', NULL, 'https://youtu.be/jpza0jfpETE', NULL, '9-12', '2021', 0),
(163, 'Walking Shipping Container Home', 'This is a house made out of recycled shipping containers that utilizes a mechanism powered by electric rod linear actuators (similar to hydraulic cylinders) to move the \"legs\" on the house and make it creep forward, backward, or turn to a side.', '../test_upload/IC Regionals Logbook (1).pdf', NULL, 'https://youtu.be/FRnuWs-iQbU', NULL, '9-12', '2021', 0),
(164, 'Rainwater Energy Generation', 'This project is a system that utilizes rainwater to generate electricity, then filters the rainwater so that it can be used for various purposes.', '../test_upload/Cali Streeter LOGBOOK Invention Convention 2021.pdf', NULL, 'https://youtu.be/6lWR9U5ZJSY', NULL, '9-12', '2021', 0),
(165, 'W-Arm', 'Automatic Window Arm', NULL, NULL, NULL, NULL, '9-12', '2021', 1),
(166, 'W-Arm', 'This product is a heating and cooling system that is both effective, and will help lower out carbon footprint. The system simply uses knowledge of the temperatures both inside and outside to determine whether to open with windows to help heat or cool the house.', '../test_upload/IC Logbook.pdf', NULL, 'https://youtu.be/nyJTl2H50Nw', NULL, '9-12', '2021', 0),
(167, 'Team Watta-Box', 'Student has developed a specialized waterproof box for use in outdoor recreation.', '../test_upload/Zach+Pryor+Logbook.pdf', NULL, 'https://youtu.be/tC3pso8hAFU', NULL, '9-12', '2021', 0),
(168, 'Virtual Assimilation', 'A method of reducing long term motion sickness in Virtual Reality', '../test_upload/Project Logbook - Owen Connell.pdf', NULL, 'https://youtu.be/hsgzcP0df_sVirtual Assimilation', NULL, '9-12', '2021', 0),
(169, 'Blue Light Eye Protection', 'Student Explores ways to stop blue light associated with screens from affecting REM sleep cycle', '../test_upload/EvanEismanLogBook.pdf', NULL, 'https://youtu.be/33oBUSqZG_Y', NULL, '9-12', '2021', 0),
(170, 'Austerberry & Takacs', 'Students looked for ways to generate electricity by designing and building a portable steam engine that can work with a variety of fuel inputs.', '../test_upload/RA&VT Log 2.25.pdf', NULL, 'https://youtu.be/ShN8RRsuwp8', NULL, '9-12', '2021', 0),
(171, 'Practice', 'Stuff', NULL, NULL, NULL, NULL, '9-12', '2021', 1),
(172, 'FruitFresh', 'Autonomous container that controls the ripening of fruits.', '../test_upload/Fruit Fresh Project 3 Logbook.pdf', NULL, 'https://youtu.be/bF2I5040wS0', NULL, '9-12', '2021', 0),
(173, 'The Distance Detector ', 'An ultrasonic sensor that measures the distance between the front bumper of a vehicle and the object in front of it. The purpose of the sensor is to warn the driver of a potential hazard regarding the proximity of the two vehicles ', '../test_upload/EDD prject 3 Log Book .pdf', NULL, 'https://youtu.be/NeEkwiUZg8k', NULL, '9-12', '2021', 0),
(174, 'Toilet Plunger', 'A toilet with the ability to unclog itself with the touch of a button.', '../test_upload/Automatic Toilet Plunger_ Log Book.pdf', NULL, 'https://youtu.be/9vqGJQHrEnY', NULL, '9-12', '2021', 0),
(175, 'Jump Start', 'A hand crank electrical generator for starting cars in emergencies.', '../test_upload/JumpStartLogBook.pdf', NULL, 'https://youtu.be/7zP_g--w3Sk Jump Start', NULL, '9-12', '2021', 0),
(176, 'Testing team', 'test', NULL, NULL, NULL, NULL, '9-12', '2021', 1),
(177, 'Testing team', 'test', NULL, NULL, NULL, NULL, '9-12', '2021', 1),
(178, 'Dj', 'test', NULL, NULL, NULL, NULL, '9-12', '2021', 1),
(179, 'Dj', 'test', NULL, NULL, NULL, NULL, '6-8', '2021', 1),
(180, 'test', 'test', NULL, NULL, NULL, NULL, '3-5', '2021', 1),
(181, 'test', 'test', NULL, NULL, NULL, NULL, '3-5', '2021', 1),
(182, 'testing123', 'rwst', NULL, NULL, NULL, NULL, '3-5', '2021', 1),
(183, 'Demo', 'Description', NULL, NULL, NULL, NULL, '9-12', '2021', 1),
(184, 'Search and Rescue Drone Universal Attachment System (SDUAS)', 'Our goal is to create a system that will allow for interchangeability between different payloads and equipment that could be used by a small drone on a Search and Rescue (SAR) mission. These pieces of equipment could include an optical camera, an infrared camera, a radio direction finder, or any other piece of equipment that a SAR agency would use with a small drone. ', '../test_upload/Universal SAR Drone Attachment System Logbook.pdf', NULL, 'https://youtu.be/_VJSsXQych0  ', NULL, '9-12', '2021', 0),
(185, '3D Printing Filament Recycling System', 'Our Project is a 3D printing filament recycling system, designed to reduce waste created by 3D printing\r\nand decrease the immense amount of excess plastic created in each print because 3D printing is becoming\r\nmore and more commonplace, its important to mitigate the amount of plastic created by 3D printing or\r\nelse the amount of pollution it causes will increase dramatically as it becomes more and more\r\ncommonplace. Our design is a heated chamber with a nozzle at the bottom and a lid at the top that will be\r\nfilled with dehydrated support materials and failed prints, melting them all down, at which point a cap\r\nplaced over the nozzle will be removed, allowing the now combined and melted plastic to flow smoothly\r\nout in a thin line of filament that can be used for future projects, after the filament is long enough it can be\r\nattached to a spool on a motor to allow for easier storage in a more conventional manner, decreasing\r\nplastic waste even further by reusing old spools used to hold filament.', '../test_upload/Logbook AE AMC IC project.pdf', NULL, 'https://www.youtube.com/watch?v=oucBEXvH6iw', NULL, '9-12', '2021', 0),
(186, 'The Cable Connector', 'In order to solve the problem of loose cables which can result in issues that range from major to minor issues, I decided to create a system of adjustable suction cups in order to create a product that keeps cables safe and secure.', '../test_upload/The cable connector Logbook.pdf', NULL, 'https://youtu.be/va7W13yQezU', NULL, '9-12', '2021', 0),
(187, 'testing123', 'test', NULL, NULL, NULL, NULL, '3-5', '2021', 1),
(188, 'Cord Clippers of Ypsi', 'Organizer to protect and secure cords such as chargers and ethernet cords.', '../test_upload/Cord Clip- Paul, Derek, Emily, Landon-Logbook.pdf', NULL, 'https://flipgrid.com/+schunck3120', NULL, '9-12', '2021', 0),
(189, 'Ypsi Trenton Jean-Gilles', 'A sensor to monitor garage doors', NULL, NULL, 'https://flipgrid.com/+schunck3527', NULL, '9-12', '2021', 0),
(190, 'Ypsi Door Stoppers', 'Prevents wall dings from door knobs and offers a place to hang coats and bags\r\n', NULL, NULL, NULL, NULL, '9-12', '2021', 0),
(191, 'Ypsi Sleep Machine', 'A machine that helps you sleep\r\n', NULL, NULL, 'https://flipgrid.com/+schunck2091', NULL, '9-12', '2021', 0),
(192, 'Ypsi Scrubs', 'Scrubs that prevent infections\r\n', NULL, NULL, 'https://flipgrid.com/+schunck1278', NULL, '9-12', '2021', 0),
(193, 'Ypsi Lint Trap', 'Lint Trap\r\n', '../test_upload/Lint Trap - Hailey & Julia.pdf', NULL, 'https://flipgrid.com/+schunck2845', NULL, '9-12', '2021', 0),
(194, 'Ypsi Helen Clark-Ypsi', 'dirty toilet seats are messy. The solution self-cleans the toilet seat.\r\n', NULL, NULL, 'https://flipgrid.com/121cfd1a', NULL, '9-12', '2021', 0),
(195, 'DMaria Ypsi high', 'Keeping the dishes and kitchen clean', NULL, NULL, 'https://flipgrid.com/50528b65', NULL, '9-12', '2021', 0),
(196, 'Marcus J Ypsi High', 'Organize gaming Cords', NULL, NULL, 'https://flipgrid.com/86ec803d', NULL, '9-12', '2021', 0),
(197, 'Aliana B Ypsi High', 'Clearing excess food of used dishes\r\n', NULL, NULL, 'https://flipgrid.com/0f86ea24', NULL, '9-12', '2021', 0),
(198, 'Kenta-Brenden-Daylen Ypsi high', 'Tangled cords are a safety hazard.\r\n', NULL, NULL, 'https://flipgrid.com/9e2e3c08', NULL, '9-12', '2021', 0),
(199, 'Automatic Dog Feeder-BF', 'A machine that feeds dogs automatically\r\n', NULL, NULL, NULL, NULL, '6-8', '2021', 0),
(200, 'Chris-BF', 'I want a machine that allows you to still hear people but blocks out other noises.', NULL, NULL, NULL, NULL, '6-8', '2021', 0),
(201, 'Xavier - BF', 'Makes people invisible', NULL, NULL, NULL, NULL, '6-8', '2021', 0),
(202, 'Maddi-BF', 'YYY', NULL, NULL, NULL, NULL, '6-8', '2021', 0),
(203, 'Muyonna-BF', 'Ocean Cleaner-BF', NULL, NULL, NULL, NULL, '6-8', '2021', 0),
(204, 'BF Dereck Michael Brooklyn', 'If life could be extended to avoid human aging', NULL, NULL, NULL, NULL, '6-8', '2021', 0);

-- --------------------------------------------------------

--
-- Table structure for table `tbl_team_member`
--

DROP TABLE IF EXISTS `tbl_team_member`;
CREATE TABLE `tbl_team_member` (
  `id` int(10) NOT NULL,
  `team_id` int(11) DEFAULT NULL,
  `student_id` int(11) DEFAULT NULL,
  `student_first_name` varchar(100) DEFAULT NULL,
  `student_last_name` varchar(100) DEFAULT NULL,
  `student_grade` varchar(100) DEFAULT NULL,
  `student_school_name` varchar(1000) DEFAULT NULL,
  `student_school_district` varchar(100) DEFAULT NULL,
  `student_school_county` varchar(100) DEFAULT NULL,
  `t_shirt_size` varchar(100) DEFAULT NULL,
  `deleted` int(11) NOT NULL DEFAULT 0,
  `photo_consent` int(11) DEFAULT NULL,
  `photo_consent_form` varchar(1000) DEFAULT NULL,
  `video_exp_link` varchar(1000) DEFAULT NULL
) ENGINE=InnoDB DEFAULT CHARSET=utf8mb4;

--
-- Dumping data for table `tbl_team_member`
--

INSERT INTO `tbl_team_member` (`id`, `team_id`, `student_id`, `student_first_name`, `student_last_name`, `student_grade`, `student_school_name`, `student_school_district`, `student_school_county`, `t_shirt_size`, `deleted`, `photo_consent`, `photo_consent_form`, `video_exp_link`) VALUES
(1, 45, NULL, 'Yahya', 'Nasser', 'K', 'Livonia Public Schools', 'Livonia Public Schools', 'Wayne', 'Youth Medium\r\n', 0, 0, '', NULL),
(2, 46, NULL, 'Praseeda', 'Munnagi', '2', 'Burns Park Elementary', 'Ann Arbor Public Schools', 'Washtenaw', 'Child Small', 0, 0, '', NULL),
(3, 46, NULL, 'Sahasra', 'Paruchuri', '4', 'Burns Park Elementary', 'Ann Arbor Public Schools', 'Washtenaw', 'Child Medium', 0, 0, '', NULL),
(5, 47, NULL, 'Alice ', 'Jiang', '7', 'Saline Middle School', 'Saline', 'Washtenaw', 'Adult Small', 0, 0, '', NULL),
(6, 48, NULL, 'Suhani', 'Dalela', '8', 'Saline Middle School', 'Saline', 'Washtenaw', 'Adult Medium', 0, 0, '', NULL),
(7, 50, NULL, 'Tanay ', 'Panja ', '6', 'Clague middle school ', 'Ann Arbor Public Schools', 'Washtenaw', 'Medium youth \r\n', 0, 0, '', NULL),
(8, 51, NULL, 'Asishram tst treat td', 'Tamalampudi td', '8', 'Tappan Middle Schools', 'Wastenaw', 'Wastenaw', 'Kids Small', 0, 0, '', NULL),
(9, 52, NULL, 'Jayani', 'Tavane shivakumar', '3', 'Kings Elementary school', 'Ann Arbor Public Schools', 'Washtenaw', 'Child-Small\r\n', 0, 0, '', NULL),
(10, 53, NULL, 'Hemanth', 'Tavane Shivakumar', '6', 'Clague Middle School', 'Ann Arbor Public Schools', 'Washtenaw', 'Adult Small\r\n', 0, 0, '', NULL),
(11, 54, NULL, 'Abhidha', 'Hoshing', '3\r\n', 'Burns Park Elementary School', 'Ann Arbor Public Schools', 'Washtenaw', 'Child Large', 0, 0, '', NULL),
(12, 1, NULL, 'Gabriella', 'Williams', '12', 'Skyline High School', 'Ann Arbor Public Schools', 'Washtenaw', 'Small', 0, 0, '', NULL),
(13, 1, NULL, 'Gabi', 'Teodoru', '12', 'Skyline High School', 'Ann Arbor Public Schools', 'Washtenaw', 'M', 0, 0, '', NULL),
(14, 2, NULL, 'Aaron', 'Gankin', '12', 'Skyline High School', 'Ann Arbor Public Schools', 'Washtenaw', 'M', 0, 0, '', NULL),
(15, 2, NULL, 'Jonathan', 'Park', '12', 'Skyline High School', 'Ann Arbor Public Schools', 'Washtenaw', 'XL', 0, 0, '', NULL),
(16, 3, NULL, 'Hashim', 'Asad', '12', 'Skyline High School', 'Ann Arbor Public Schools', 'Washtenaw', 'Small', 0, 0, '', NULL),
(17, 3, NULL, 'Parker', 'Bradshaw', '12', 'Skyline High School', 'Ann Arbor Public Schools', 'Washtenaw', 'M', 0, 0, '', NULL),
(18, 4, NULL, 'Anthony', 'Mendoza', '12', 'Skyline High School', 'Ann Arbor Public Schools', 'Washtenaw', 'M', 0, 0, '', NULL),
(19, 4, NULL, 'Matt', 'Rupp', '12', 'Skyline High School', 'Ann Arbor Public Schools', 'Washtenaw', 'L', 0, 0, '', NULL),
(20, 5, NULL, 'Dara', 'Geva', '12', 'Skyline High School', 'Ann Arbor Public Schools', 'Washtenaw', 'M', 0, 0, '', NULL),
(21, 5, NULL, 'Alaina', 'Heetderks', '12', 'Skyline High School', 'Ann Arbor Public Schools', 'Washtenaw', 'M', 0, 0, '', NULL),
(22, 6, NULL, 'Wesley', 'Barron', '12', 'Skyline High School', 'Ann Arbor Public Schools', 'Washtenaw', 'Small', 0, 0, '', NULL),
(23, 7, NULL, 'Daniel', 'Evans', '12', 'Skyline High School', 'Ann Arbor Public Schools', 'Washtenaw', 'L', 0, 0, '', NULL),
(24, 7, NULL, 'Stevie', 'Hyde', '12', 'Skyline High School', 'Ann Arbor Public Schools', 'Washtenaw', 'M', 0, 0, '', NULL),
(25, 8, NULL, 'Oliver', 'Wang', '12', 'Skyline High School', 'Ann Arbor Public Schools', 'Washtenaw', 'M', 0, 0, '', NULL),
(26, 8, NULL, 'Oskar', 'Shiomi Jensen', '12', 'Skyline High School', 'Ann Arbor Public Schools', 'Washtenaw', 'L', 0, 0, '', NULL),
(27, 9, NULL, 'Emma', 'Kirchmeier', '12', 'Skyline High School', 'Ann Arbor Public Schools', 'Washtenaw', 'M', 0, 0, '', NULL),
(28, 9, NULL, 'Wendi', 'Zhang', '12', 'Skyline High School', 'Ann Arbor Public Schools', 'Washtenaw', 'M', 0, 0, '', NULL),
(29, 9, NULL, 'Susana', 'Leal', '12', 'Skyline High School', 'Ann Arbor Public Schools', 'Washtenaw', 'M', 0, 0, '', NULL),
(30, 10, NULL, 'Brandon', 'Linville', '12', 'Skyline High School', 'Ann Arbor Public Schools', 'Washtenaw', 'M', 0, 0, '', NULL),
(31, 10, NULL, 'Freddy', 'Villalobos', '12', 'Skyline High School', 'Ann Arbor Public Schools', 'Washtenaw', 'M', 0, 0, '', NULL),
(32, 11, NULL, 'Iman', 'Hathaway', '12', 'Skyline High School', 'Ann Arbor Public Schools', 'Washtenaw', 'M', 0, 0, '', NULL),
(33, 11, NULL, 'Isaac', 'Darragh', '12', 'Skyline High School', 'Ann Arbor Public Schools', 'Washtenaw', 'M', 0, 0, '', NULL),
(34, 12, NULL, 'Bobak', 'Eizadkhah', '12', 'Skyline High School', 'Ann Arbor Public Schools', 'Washtenaw', 'Small', 0, 0, '', NULL),
(35, 12, NULL, 'Ananya', 'Sharma', '12', 'Skyline High School', 'Ann Arbor Public Schools', 'Washtenaw', 'Small', 0, 0, '', NULL),
(36, 13, NULL, 'Shane', 'Edson', '12', 'Skyline High School', 'Ann Arbor Public Schools', 'Washtenaw', 'XL', 0, 0, '', NULL),
(37, 14, NULL, 'Langston', 'Kitchen', '9', 'Skyline High School', 'Ann Arbor Public Schools', 'Washtenaw', 'Small', 0, 0, '', NULL),
(38, 15, NULL, 'Kendall', 'Clavier', '8', 'Forsythe Middle School', 'Ann Arbor Public Schools', 'Washtenaw', 'M', 0, 0, '', NULL),
(39, 15, NULL, 'Sanna', 'Sippola', '8', 'Forsythe Middle School', 'Ann Arbor Public Schools', 'Washtenaw', 'Small', 0, 0, '', NULL),
(40, 15, NULL, 'Olivia', 'Scherer', '8', 'Forsythe Middle School', 'Ann Arbor Public Schools', 'Washtenaw', 'Small', 0, 0, '', NULL),
(41, 15, NULL, 'Charlena', 'Jackson', '8', 'Forsythe Middle School', 'Ann Arbor Public Schools', 'Washtenaw', 'M', 0, 0, '', NULL),
(42, 16, NULL, 'Sahara', 'Senevirantne', '8', 'Forsythe Middle School', 'Ann Arbor Public Schools', 'Washtenaw', 'Small', 0, 0, '', NULL),
(43, 16, NULL, 'Ava', 'Debenedet', '8', 'Forsythe Middle School', 'Ann Arbor Public Schools', 'Washtenaw', 'Small', 0, 0, '', NULL),
(44, 16, NULL, 'Sophia', 'Marrs', '8', 'Forsythe Middle School', 'Ann Arbor Public Schools', 'Washtenaw', 'Small', 0, 0, '', NULL),
(45, 16, NULL, 'Allieson', 'Mayer', '8', 'Forsythe Middle School', 'Ann Arbor Public Schools', 'Washtenaw', 'Small', 0, 0, '', NULL),
(46, 17, NULL, 'Josh', 'Hepworth', '8', 'Forsythe Middle School', 'Ann Arbor Public Schools', 'Washtenaw', 'L', 0, 0, '', NULL),
(47, 18, NULL, 'Maya', 'Kama', '8', 'Forsythe Middle School', 'Ann Arbor Public Schools', 'Washtenaw', 'Small', 0, 0, '', NULL),
(48, 18, NULL, 'Michal', 'Kama', '8', 'Forsythe Middle School', 'Ann Arbor Public Schools', 'Washtenaw', 'Small', 0, 0, '', NULL),
(49, 18, NULL, 'Syver', 'Bowles', '8', 'Forsythe Middle School', 'Ann Arbor Public Schools', 'Washtenaw', 'M', 0, 0, '', NULL),
(50, 19, NULL, 'Katherine', 'Ellis', '11', 'Pioneer High School', 'Ann Arbor Public Schools', 'Washtenaw', 'XL', 0, 0, '', NULL),
(51, 19, NULL, 'Ben', 'Kessler', '12', 'Pioneer High School', 'Ann Arbor Public Schools', 'Washtenaw', 'M', 0, 0, '', NULL),
(52, 20, NULL, 'Ben', 'Egelhof', '12', 'Pioneer High School', 'Ann Arbor Public Schools', 'Washtenaw', 'M', 0, 0, '', NULL),
(53, 20, NULL, 'Anna', 'Kaganov', '10', 'Pioneer High School', 'Ann Arbor Public Schools', 'Washtenaw', 'Small', 0, 0, '', NULL),
(54, 20, NULL, 'Bobby', 'Feng', '11', 'Pioneer High School', 'Ann Arbor Public Schools', 'Washtenaw', 'M', 0, 0, '', NULL),
(55, 20, NULL, 'McDonough', 'Dan', '10', 'Pioneer High School', 'Ann Arbor Public Schools', 'Washtenaw', 'M', 0, 0, '', NULL),
(56, 21, NULL, 'Zach', 'Pryor', '11', 'Pioneer High School', 'Ann Arbor Public Schools', 'Washtenaw', 'L', 0, 0, '', NULL),
(57, 21, NULL, 'Anthony', 'Gibbons', '11', 'Pioneer High School', 'Ann Arbor Public Schools', 'Washtenaw', 'L', 0, 0, '', NULL),
(58, 21, NULL, 'Aidan', 'Lee', '11', 'Pioneer High School', 'Ann Arbor Public Schools', 'Washtenaw', 'M', 0, 0, '', NULL),
(59, 21, NULL, 'Darayus', 'Daboo', '11', 'Pioneer High School', 'Ann Arbor Public Schools', 'Washtenaw', 'M', 0, 0, '', NULL),
(60, 22, NULL, 'Riley', 'Goniwicha', '12', 'Pioneer High School', 'Ann Arbor Public Schools', 'Washtenaw', 'Small', 0, 0, '', NULL),
(61, 22, NULL, 'Nolan', 'McPherson', '10', 'Pioneer High School', 'Ann Arbor Public Schools', 'Washtenaw', 'M', 0, 0, '', NULL),
(62, 22, NULL, 'Vasil', 'Vassilev', '10', 'Pioneer High School', 'Ann Arbor Public Schools', 'Washtenaw', 'Small', 0, 0, '', NULL),
(63, 22, NULL, 'Ben', 'Barish', '12', 'Pioneer High School', 'Ann Arbor Public Schools', 'Washtenaw', 'M', 0, 0, '', NULL),
(64, 23, NULL, 'Austin', 'Jacobs', '12', 'Pioneer High School', 'Ann Arbor Public Schools', 'Washtenaw', 'M', 0, 0, '', NULL),
(65, 23, NULL, 'Derrick', 'Scurlock', '12', 'Pioneer High School', 'Ann Arbor Public Schools', 'Washtenaw', 'M', 0, 0, '', NULL),
(66, 23, NULL, 'Jackson', 'Hall', '12', 'Pioneer High School', 'Ann Arbor Public Schools', 'Washtenaw', 'M', 0, 0, '', NULL),
(67, 24, NULL, 'Nick', 'Kaipainen', '12', 'Huron High School', 'Ann Arbor Public Schools', 'Washtenaw', 'L', 0, 0, '', NULL),
(68, 24, NULL, 'Kenny', 'Yue', '12', 'Huron High School', 'Ann Arbor Public Schools', 'Washtenaw', 'XL', 0, 0, '', NULL),
(69, 24, NULL, 'Jacob', 'Kelly', '12', 'Huron High School', 'Ann Arbor Public Schools', 'Washtenaw', 'M', 0, 0, '', NULL),
(70, 25, NULL, 'Ben', 'Zhao', '12', 'Huron High School', 'Ann Arbor Public Schools', 'Washtenaw', 'L', 0, 0, '', NULL),
(71, 25, NULL, 'Ben', 'Zhang', '12', 'Huron High School', 'Ann Arbor Public Schools', 'Washtenaw', 'Small', 0, 0, '', NULL),
(72, 25, NULL, 'Young Seo', 'Lee', '12', 'Huron High School', 'Ann Arbor Public Schools', 'Washtenaw', 'Small', 0, 0, '', NULL),
(73, 26, NULL, 'Liz', 'Li', '12', 'Huron High School', 'Ann Arbor Public Schools', 'Washtenaw', 'Small', 0, 0, '', NULL),
(74, 27, NULL, 'Darryl', 'Phillips', '12', 'Huron High School', 'Ann Arbor Public Schools', 'Washtenaw', 'M', 0, 0, '', NULL),
(75, 27, NULL, 'Ed', 'Hashem', '12', 'Huron High School', 'Ann Arbor Public Schools', 'Washtenaw', 'M', 0, 0, '', NULL),
(76, 28, NULL, 'Allison', 'Baker', '12', 'Huron High School', 'Ann Arbor Public Schools', 'Washtenaw', 'Small', 0, 0, '', NULL),
(77, 28, NULL, 'Madison', 'Bowers', '12', 'Huron High School', 'Ann Arbor Public Schools', 'Washtenaw', 'Small', 0, 0, '', NULL),
(78, 29, NULL, 'Ryan', 'Schulte', '12', 'Huron High School', 'Ann Arbor Public Schools', 'Washtenaw', 'XL', 0, 0, '', NULL),
(79, 29, NULL, 'Kadin', 'Sims', '12', 'Huron High School', 'Ann Arbor Public Schools', 'Washtenaw', 'L', 0, 0, '', NULL),
(80, 30, NULL, 'Rishi', 'Hoskeri', '12', 'Huron High School', 'Ann Arbor Public Schools', 'Washtenaw', 'M', 0, 0, '', NULL),
(81, 31, NULL, 'Ani', 'Cowlagi', '12', 'Huron High School', 'Ann Arbor Public Schools', 'Washtenaw', 'M', 0, 0, '', NULL),
(82, 32, NULL, 'Joey', 'Ryan', '12', 'Huron High School', 'Ann Arbor Public Schools', 'Washtenaw', 'Small', 0, 0, '', NULL),
(83, 32, NULL, 'Zolan', 'Baptista', '12', 'Huron High School', 'Ann Arbor Public Schools', 'Washtenaw', 'L', 0, 0, '', NULL),
(84, 33, NULL, 'Noah', 'Steele', '12', 'Huron High School', 'Ann Arbor Public Schools', 'Washtenaw', 'M', 0, 0, '', NULL),
(85, 33, NULL, 'Luke', 'Carlson', '12', 'Huron High School', 'Ann Arbor Public Schools', 'Washtenaw', 'M', 0, 0, '', NULL),
(86, 34, NULL, 'Scott', 'Knudsen', '12', 'Huron High School', 'Ann Arbor Public Schools', 'Washtenaw', 'L', 0, 0, '', NULL),
(87, 34, NULL, 'Max', 'Brodkey', '12', 'Huron High School', 'Ann Arbor Public Schools', 'Washtenaw', 'L', 0, 0, '', NULL),
(88, 34, NULL, 'Patrick', 'Tibbetts', '12', 'Huron High School', 'Ann Arbor Public Schools', 'Washtenaw', 'XL', 0, 0, '', NULL),
(89, 35, NULL, 'John', 'Zou', '12', 'Huron High School', 'Ann Arbor Public Schools', 'Washtenaw', 'M', 0, 0, '', NULL),
(90, 35, NULL, 'Matt', 'Kukucka', '12', 'Huron High School', 'Ann Arbor Public Schools', 'Washtenaw', 'M', 0, 0, '', NULL),
(91, 36, NULL, 'Xavier', 'Shumsky', '12', 'Huron High School', 'Ann Arbor Public Schools', 'Washtenaw', 'M', 0, 0, '', NULL),
(92, 36, NULL, 'Jessica', 'Li', '12', 'Huron High School', 'Ann Arbor Public Schools', 'Washtenaw', 'M', 0, 0, '', NULL),
(93, 37, NULL, 'Jadyn', 'Smith', '12', 'Huron High School', 'Ann Arbor Public Schools', 'Washtenaw', 'Small', 0, 0, '', NULL),
(94, 37, NULL, 'Siena', 'Smith', '12', 'Huron High School', 'Ann Arbor Public Schools', 'Washtenaw', 'Small', 0, 0, '', NULL),
(95, 38, NULL, 'Trevor', 'Ables', '12', 'Huron High School', 'Ann Arbor Public Schools', 'Washtenaw', 'M', 0, 0, '', NULL),
(96, 38, NULL, 'Chris', 'Van Alstine', '12', 'Huron High School', 'Ann Arbor Public Schools', 'Washtenaw', 'L', 0, 0, '', NULL),
(97, 39, NULL, 'Joel', 'Schueerholz', '12', 'Huron High School', 'Ann Arbor Public Schools', 'Washtenaw', 'L', 0, 0, '', NULL),
(98, 40, NULL, 'Tiago', 'Nunes', '12', 'Huron High School', 'Ann Arbor Public Schools', 'Washtenaw', 'L', 0, 0, '', NULL),
(99, 41, NULL, 'Gemma', 'Poulsen', '12', 'Skyline High School', 'Ann Arbor Public Schools', 'Washtenaw', 'M', 0, 0, '', NULL),
(100, 41, NULL, 'Sara', 'Soluk', '12', 'Skyline High School', 'Ann Arbor Public Schools', 'Washtenaw', 'Small', 0, 0, '', NULL),
(101, 42, NULL, 'Dante', 'Circola', '12', 'Skyline High School', 'Ann Arbor Public Schools', 'Washtenaw', 'M', 0, 0, '', NULL),
(102, 42, NULL, 'Nicolette', 'Knott', '12', 'Skyline High School', 'Ann Arbor Public Schools', 'Washtenaw', 'L', 0, 0, '', NULL),
(103, 43, NULL, 'Nolan', 'Force', '12', 'Skyline High School', 'Ann Arbor Public Schools', 'Washtenaw', 'M', 0, 0, '', NULL),
(104, 43, NULL, 'Gavin', 'LaHousse', '12', 'Skyline High School', 'Ann Arbor Public Schools', 'Washtenaw', 'L', 0, 0, '', NULL),
(106, 54, NULL, 'Sreeansh', 'Kurane', '4', 'Bentley elementary', 'Plymouth Canton public school', 'Wayne', 'L(10-12)', 0, 0, '', NULL),
(107, 55, NULL, 'Liam', 'Spencer', '2', 'Woodland Meadows', 'Saline', 'Washtenaw', 'Kids Medium', 0, 0, '', NULL),
(108, 56, NULL, 'Sreeansh', 'Kurane', '4', 'Bentley Elementary School', 'Plymouth Canton public school ', 'Wayne', 'L(10-12)', 0, 0, '', NULL),
(109, 56, NULL, 'Abhida', 'Hoshing', '3', 'Burns Park Elementary School', 'Ann Arbor Public Schools', 'Washtenaw', 'L(10-12)', 0, 0, '', NULL),
(122, 93, NULL, 'Quinn', 'Myers', '4', 'Heritage School', 'Saline Area Schools', NULL, 'Youth Medium', 1, NULL, NULL, NULL),
(123, 94, NULL, 'Quinn', 'Myers', '4', 'Heritage School', 'Saline Area Schools', NULL, 'Youth Medium', 0, NULL, NULL, NULL),
(124, 94, NULL, 'Kavin', 'Arul', '', 'Heritage School', 'Saline Area Schools', NULL, 'Adult Small', 0, NULL, NULL, NULL),
(125, 94, NULL, 'Alisha', 'Sachdeva', '', 'Heritage School', 'Saline Area Schools', NULL, 'Adult Small', 0, NULL, NULL, NULL),
(126, 94, NULL, 'Myles', 'Ogdahl', '', 'Heritage School', 'Saline Area Schools', NULL, 'Adult Small', 0, NULL, NULL, NULL),
(127, 94, NULL, 'Carter', 'Atkinson', '', 'Heritage School', 'Saline Area Schools', NULL, 'Adult Small', 0, NULL, NULL, NULL),
(128, 94, NULL, 'Zach', 'Malott', '', 'Heritage School', 'Saline Area Schools', NULL, 'Youth Medium', 0, NULL, NULL, NULL),
(145, 110, 189, 'Praseeda', 'Munnagi', '3', 'Burns Park Elementary', 'Ann arbor public schools', NULL, 'Youth Medium', 0, 1, '../test_upload/Praseeda_Photo-video waiver form.pdf', '../test_upload/Praseeda_optional_video.mp4'),
(147, 125, 160, 'Preethi', 'Chunduri', NULL, NULL, NULL, NULL, NULL, 1, NULL, NULL, NULL),
(151, 125, 175, 'Yaha', 'Ahmed', '5', 'AAAPS', 'AAAPS', NULL, 'Youth Large', 0, 0, '', 'https://youtu.be/LXb3EKWsInQ'),
(152, 186, 107, 'Vaibhav', 'Ramaseshadri', 'Select Student Grade', 'Huron High School', 'Ann Arbor Public Schools', NULL, 'Adult Large', 0, 1, '../test_upload/Vaibhav Photo consent form.jpg', ''),
(153, 145, 108, 'Owen', 'Sayer', '12', 'Huron High School', 'Ann Arbor ', NULL, 'Adult Small', 0, 1, '../test_upload/MIC+Concent+Form.pdf', ''),
(154, 146, 112, 'Samantha', 'Hastie', '12', 'Huron High School', 'Ann Arbor Public Schools', NULL, 'Adult Medium', 0, 0, '../test_upload/MIC_Concent_Form-signed.pdf', ''),
(155, 144, 113, 'Sophie', 'Getzen', '12', 'Huron High School', 'Ann Arbor', NULL, 'Adult Small', 0, 1, '../test_upload/2021-02-24+20-46.jpg', ''),
(156, 152, 114, 'Jackson', 'Den Houter', '12', 'Huron High School', 'Ann Arbor Public Schools', NULL, 'Adult Large', 0, 1, '../test_upload/https_api.schoology.comv1attachment1710526732sourcedba94639c479f1a2a71deb76d64a93a9.pdf', ''),
(157, 147, 115, 'Isaac', 'Madhavaram', '12', 'Huron High School', 'Ann Arbor Public Schools', NULL, 'Adult Large', 0, 1, '../test_upload/MIC_Consent_Form Isaac M.pdf', ''),
(158, 150, 117, 'Evan', 'Ridenour', 'Select Student Grade', 'Huron High', 'Ann Arbor public schools', NULL, 'Select Student Shirt Size', 0, 0, '../test_upload/Evan Ridenour Consent Form.pdf', ''),
(159, 146, 118, 'Donovan', 'Smith', '12', 'Huron High School', 'Ann Arbor Public Schools', NULL, 'Adult Medium', 0, 0, '../test_upload/IMG_1528.JPG', ''),
(160, 152, 119, 'Eric', 'Joseph', '12', 'Huron High School', 'Ann Arbor Public Schools', NULL, 'Select Student Shirt Size', 0, 1, '../test_upload/Adobe Scan Feb 25, 2021.pdf', ''),
(161, 144, 120, 'Arman', 'Getzen', '12', 'Huron High School', 'Ann Arbor', NULL, 'Adult Small', 0, 1, '../test_upload/2021-02-24+20-47.pdf', ''),
(162, 148, 121, 'Derek', 'Hwang', '12', 'Huron High School', 'Ann Arbor', NULL, 'Adult Medium', 0, 1, '../test_upload/Kami+Export+-+MIC_Concent_Form.pdf', 'https://youtu.be/CoDIMx36KNo'),
(163, 146, 122, 'Caterina', 'Hart', '12', 'Huron High School', 'Ann Arbor Public Schools', NULL, 'Adult Medium', 0, 0, '../test_upload/IMG_9001.JPG', ''),
(164, 145, 123, 'James', 'Schrupp', '12', 'Huron High School', 'Ann Arbor ', NULL, 'Adult Large', 0, 1, '../test_upload/CCF_000072.pdf', ''),
(165, 152, 124, 'Eli', 'Pinals', '12', 'Huron High School', 'Ann Arbor Public Schools', NULL, 'Adult Medium', 0, 1, '../test_upload/file.pdf', ''),
(166, NULL, 125, 'Lucas', 'Reading Sunol', NULL, NULL, NULL, NULL, NULL, 0, NULL, NULL, NULL),
(167, 151, 126, 'Kenneth', 'Gaffield', '12', 'Huron High School', 'Ann Arbor Public School', NULL, 'Adult Small', 0, 1, '../test_upload/waiver1.jpg', ''),
(168, 148, 127, 'Koen', 'van Nieuwstadt', '12', 'Huron High School', 'Ann Arbor Public Schools', NULL, 'Adult Medium', 0, 1, '../test_upload/micform.JPG', ''),
(169, 175, 128, 'Dominic', 'Hines', '12', 'Skyline', 'Ann Arbor', NULL, 'Adult Large', 0, 1, '../test_upload/DHines.pdf', ''),
(170, 125, 176, 'Student', 'Ahmed', '3', 'AAPS', 'AAPS', NULL, 'Youth Medium', 0, 1, '../test_upload/Judging Form.pdf', '../test_upload/sample_640x360.mp4'),
(171, 185, 179, 'Aidan', 'Edwards', '11', 'Huron High School', 'Ann Arbor', NULL, 'Adult Large', 0, 1, '../test_upload/IMG_6602.JPG', ''),
(172, 128, 174, 'Rohit', 'Mahesh', '8', 'Pioneer Middle School', 'Plymouth-Canton Community School District', NULL, 'Youth Large', 0, 0, NULL, 'https://youtu.be/TzHQspK_vZw'),
(173, 185, 178, 'Andres', 'Marquez-Collins', NULL, NULL, NULL, NULL, NULL, 0, NULL, NULL, NULL),
(174, 173, 173, 'Akshay', 'Sivakumar', '12', 'Huron Highschool ', 'Ann Arbor School district ', NULL, 'Adult Medium', 0, 0, '../test_upload/Feb 25, Doc 1 (1).pdf', 'https://youtu.be/NeEkwiUZg8k'),
(175, 172, 172, 'Lena', 'Trang', '12', 'Huron High School', 'Ann Arbor Public Schools', NULL, 'Adult Small', 0, 1, '../test_upload/Lena Trang MIC Consent Form.pdf', ''),
(176, 172, 171, 'Veda', 'Srinivas', '12', 'Huron High School', 'Ann Arbor Public Schools', NULL, 'Adult Medium', 0, 1, '../test_upload/Kami Export - MIC+Concent+Form.pdf', ''),
(177, 184, 180, 'Adam', 'VanderMolen', '11', 'Huron High School', 'Ann Arbor Public Schools ', NULL, 'Select Student Shirt Size', 0, 0, '../test_upload/Kami Export - Adam VanderMolen - Photo-video waiver form1.pdf', ''),
(178, 150, 170, 'Peter', 'Stenger', '12', 'Huron High School', 'Ann Arbor Public Schools', NULL, 'Adult Medium', 0, 1, '../test_upload/Scan Feb 25, 2021.pdf', ''),
(179, NULL, 169, 'Tiyana', 'Sindone', NULL, NULL, NULL, NULL, NULL, 0, NULL, NULL, NULL),
(180, 184, 181, 'Sasha ', 'Lee', '11', 'Huron High School', 'Ann Arbor Public Schools ', NULL, 'Adult Medium', 0, 0, '../test_upload/Kami Export - Sasha - Photo-video waiver form1.pdf', ''),
(181, 172, 168, 'Mihika', 'Thakurta', '12', 'Huron High School', 'Ann Arbor Public Schools', NULL, 'Adult Medium', 0, 0, '../test_upload/CamScanner 02-19-2021 12.59.pdf', ''),
(182, 150, 167, 'Rose', 'Basch', '12', 'Huron High School', 'Ann Arbor Public Schools', NULL, 'Adult Small', 0, 0, '../test_upload/MIC_Consent_Form.pdf', ''),
(183, 173, 166, 'Hamzah ', 'Al Thani ', '12', 'Huron Highschool ', 'Ann Arbor public school district ', NULL, 'Adult Medium', 0, 0, '../test_upload/MIC+Concent+Form.pdf', ''),
(184, 147, 165, 'Michael', 'Hill-Carruthers', '12', 'Huron High School', 'Ann Arbor Public Schools', NULL, 'Select Student Shirt Size', 0, 1, '../test_upload/MIC_Concent_Form-2.pdf', ''),
(185, 147, 164, 'Prathik', 'Guduri', '12', 'Huron High School', 'Ann Arbor Public Schools', NULL, 'Adult Medium', 0, 0, '../test_upload/MIC_Concent_Form_1.pdf', ''),
(186, 147, 163, 'Josh', 'Cullen', '12', 'Huron High School', 'Ann Arbor Public Schools', NULL, 'Adult Medium', 0, 1, '../test_upload/MIC Consent.jpg', ''),
(187, 150, 162, 'Peter (@AAPS.K12)', 'Stenger', '12', 'Huron High School', 'Ann Arbor Public Schools', NULL, 'Adult Medium', 0, 1, '../test_upload/Scan Feb 25, 2021.pdf', ''),
(188, 129, 161, 'Liam', 'Spencer', '3', 'Harvest  Elementary', 'Saline ', NULL, 'Youth Medium', 0, 1, '../test_upload/Spencer, Liam - photo waiver.pdf', 'https://youtu.be/EVdaZKV_M_E'),
(189, 146, 159, 'Kathryn', 'Meader', '12', 'Huron High School', 'Ann Arbor Public Schools', NULL, 'Adult Large', 0, 0, '../test_upload/MIC+Concent+Form.-signedpdf.pdf', ''),
(190, 126, 184, 'Khalid', 'Al-zawawi', '5', 'Michigan Islamic Academy', 'Ann Arbor', NULL, 'Youth Medium', 0, 1, '../test_upload/consent1.jpg', ''),
(191, 126, NULL, 'Sammer', 'Moustafa', '5', 'Michigan Islamic Academy', 'Ann Arbor', NULL, 'Youth Medium', 0, 1, '../test_upload/HPSCAN_2021022614465285_2021-02-26_144741177.pdf', ''),
(192, NULL, 186, 'bibi', 'Ahm', NULL, NULL, NULL, NULL, NULL, 0, NULL, NULL, NULL),
(193, NULL, 185, 'Naam', 'Ahmed', NULL, NULL, NULL, NULL, NULL, 0, NULL, NULL, NULL),
(194, 134, 183, 'Sahasra Lakshya', 'Paruchuri', NULL, NULL, NULL, NULL, NULL, 0, NULL, NULL, NULL),
(195, NULL, NULL, 'NEDA', 'Ahm', '3', 'SSE', 'AA', NULL, 'Youth Medium', 0, NULL, NULL, NULL),
(196, NULL, 187, 'Ian', 'Steele', NULL, NULL, NULL, NULL, NULL, 0, NULL, NULL, NULL),
(197, NULL, 153, 'Natalie', 'Keating', NULL, NULL, NULL, NULL, NULL, 0, NULL, NULL, NULL),
(198, NULL, 152, 'Luke', 'McGinnis', NULL, NULL, NULL, NULL, NULL, 0, NULL, NULL, NULL),
(199, NULL, 149, 'Toby', 'Wright', NULL, NULL, NULL, NULL, NULL, 0, NULL, NULL, NULL),
(200, 175, 146, 'Chloe', 'Yang', '12', 'Skyline', 'Ann Arbor', NULL, 'Adult Small', 0, 0, '../test_upload/CYang.pdf', ''),
(201, 175, 147, 'Quincy', 'Menz', '12', 'Skyline', 'Ann Arbor', NULL, 'Adult Large', 0, 0, NULL, ''),
(202, NULL, 150, 'Judah', 'Wise', NULL, NULL, NULL, NULL, NULL, 0, NULL, NULL, NULL),
(203, NULL, 151, 'Chloe', 'Durkee', NULL, NULL, NULL, NULL, NULL, 0, NULL, NULL, NULL),
(204, NULL, 145, 'Forrest', 'Hadley', NULL, NULL, NULL, NULL, NULL, 0, NULL, NULL, NULL),
(205, NULL, 144, 'Noah', 'Thompson', NULL, NULL, NULL, NULL, NULL, 0, NULL, NULL, NULL),
(206, NULL, 143, 'Owen', 'Connell', NULL, NULL, NULL, NULL, NULL, 0, NULL, NULL, NULL),
(207, 175, 141, 'Laylah', 'Carrubba', '12', 'Skyline', 'Ann Arbor', NULL, 'Select Student Shirt Size', 0, 0, NULL, ''),
(208, NULL, 139, 'Victor', 'Bian', NULL, NULL, NULL, NULL, NULL, 0, NULL, NULL, NULL),
(209, NULL, 137, 'Graham', 'Curtis', NULL, NULL, NULL, NULL, NULL, 0, NULL, NULL, NULL),
(210, 170, 138, 'Robin', 'Austerberry', 'Select Student Grade', 'Skyline', 'Ann Arbor', NULL, 'Select Student Shirt Size', 0, 0, '../test_upload/RAusterberry.pdf', ''),
(211, 170, 136, 'Valeria ', 'Takacs', '12', 'Skyline', 'Ann Arbor', NULL, 'Adult Large', 0, 1, '../test_upload/VTakacs.pdf', ''),
(212, NULL, 133, 'Manbir', 'Chadha', NULL, NULL, NULL, NULL, NULL, 0, NULL, NULL, NULL),
(213, NULL, 140, 'Susan', 'Xi', NULL, NULL, NULL, NULL, NULL, 0, NULL, NULL, NULL),
(214, NULL, 160, 'Preethi', 'Chunduri', NULL, NULL, NULL, NULL, NULL, 0, NULL, NULL, NULL),
(218, NULL, 205, 'tim', 'clatterbuck', NULL, NULL, NULL, NULL, NULL, 0, NULL, NULL, NULL),
(219, NULL, 204, 'Paul', 'Tistle', NULL, NULL, NULL, NULL, NULL, 0, NULL, NULL, NULL),
(220, 149, 203, 'Aidan', 'Majorprice', '12', 'Skyline ', 'AAPS', NULL, 'Adult Medium', 0, 0, NULL, ''),
(221, NULL, 202, 'Ian', 'Steele', NULL, NULL, NULL, NULL, NULL, 0, NULL, NULL, NULL),
(222, NULL, 201, 'Kyle', 'Rodriguez', NULL, NULL, NULL, NULL, NULL, 0, NULL, NULL, NULL),
(223, NULL, 200, 'Ellie', 'Witten', NULL, NULL, NULL, NULL, NULL, 0, NULL, NULL, NULL),
(224, NULL, 199, 'Victor', 'Bian', NULL, NULL, NULL, NULL, NULL, 0, NULL, NULL, NULL),
(225, NULL, 198, 'Paul', 'Tistle', NULL, NULL, NULL, NULL, NULL, 0, NULL, NULL, NULL),
(226, 148, 197, 'Lucas ', 'Reading Sunol', '12', 'Huron High School', 'Ann Arbor Public Schools', NULL, 'Adult Medium', 0, 1, '../test_upload/Please_DocuSign_MIC_Concent_Form.pdf', ''),
(227, NULL, 196, 'Owen', 'Sayer', '12', 'Huron High School', 'Ann Arbor ', NULL, 'Adult Medium', 0, 1, '../test_upload/MIC+Concent+Form.pdf', ''),
(228, NULL, 194, 'tim', 'clatterbuck', NULL, NULL, NULL, NULL, NULL, 0, NULL, NULL, NULL),
(229, NULL, 193, 'Ryan', 'Garrett', NULL, NULL, NULL, NULL, NULL, 0, NULL, NULL, NULL),
(230, NULL, 192, 'Zach', 'Pryor', NULL, NULL, NULL, NULL, NULL, 0, NULL, NULL, NULL),
(231, NULL, 38, 'Swetha', 'Sadineni\r', NULL, NULL, NULL, NULL, NULL, 0, NULL, NULL, NULL),
(232, 152, 182, 'Christopher', 'Johnston', '12', 'Huron High School', 'Ann Arbor Public Schools', NULL, 'Select Student Shirt Size', 0, 1, '../test_upload/EASTERN.pdf', ''),
(233, NULL, 177, 'Kathryn', 'Meader', '12', 'Huron High School', 'Ann Arbor Public Schools', NULL, 'Adult Large', 0, 0, '../test_upload/MIC+Concent+Form.-signedpdf.pdf', ''),
(234, 164, 158, 'Cali', 'Streeter', '11', 'Huron High School', 'Ann Arbor Public Schools', NULL, 'Adult Small', 0, 1, '../test_upload/Photo-video_waiver_form1 (5).pdf', ''),
(235, 162, 155, 'Meera', 'Ramaswami', '11', 'Huron High School', 'Ann Arbor Public Schools', NULL, 'Adult Small', 0, 1, '../test_upload/IMG_8147-550ED.JPG', ''),
(236, 163, 157, 'Emma', 'Kaipainen', '11', 'Ann Arbor Huron High School', 'Ann Arbor Public Schools', NULL, 'Adult Medium', 0, 1, '../test_upload/Kami Export - Emma Kaipainen - Photo-video waiver form1.pdf', 'https://youtu.be/FRnuWs-iQbU'),
(237, 166, 154, 'Elizabeth', 'Soroka', '11', 'Huron High School', 'AAPS', NULL, 'Adult Small', 0, 1, '../test_upload/Photo-video_waiver_form1+(1).pdf', ''),
(238, NULL, 134, 'John', 'Oginsky', NULL, NULL, NULL, NULL, NULL, 0, NULL, NULL, NULL),
(239, 154, 131, 'Axel', 'Avram', '12', 'Huron High School', 'Ann Arbor Public Schools', NULL, 'Adult Large', 0, 0, '../test_upload/2021-02-24+21-59.pdf', ''),
(240, 174, 130, 'Easton ', 'Rem', '12', 'Huron High School', 'Ann Arbor Public Schools', NULL, 'Adult Medium', 0, 1, '../test_upload/Easton Consent Form.jpg', ''),
(241, 145, 116, 'Bennett', 'Den Houter', '12', 'Huron High School', 'Ann Arbor', NULL, 'Adult Large', 0, 1, '../test_upload/MIC_Concent_Form.pdf', ''),
(242, NULL, NULL, 'Owen', 'Sayer', '12', 'Huron High School', 'Ann Arbor Public Schools', NULL, 'Select Student Grade', 0, NULL, NULL, NULL),
(243, NULL, NULL, 'James', 'Schrupp', '', 'Huron High School', 'Ann Arbor Public Schools', NULL, 'Select Student Grade', 0, NULL, NULL, NULL),
(244, NULL, NULL, 'Mehmed', 'Uludag', '', 'Huron High School', 'Ann Arbor Public Schools', NULL, 'Select Student Grade', 0, NULL, NULL, NULL),
(245, NULL, NULL, 'Ben', 'Den Houter', '', 'Huron High School', 'Ann Arbor Public Schools', NULL, 'Select Student Grade', 0, NULL, NULL, NULL),
(246, 174, 206, 'Dimash', 'Umirbayev', '12', 'Huron High School', 'Ann Arbor Public Schools', NULL, 'Adult Medium', 0, 1, '../test_upload/SignedMICConsent.pdf', ''),
(247, 145, 207, 'Mehmed', 'Uludag', '12', 'Huron High School', 'Ann Arbor', NULL, 'Adult Large', 0, 1, '../test_upload/Mehmed U. MIC Consent Form.pdf', ''),
(248, 137, NULL, 'Carter', 'Atkinson', '5', 'Heritage School', 'Saline Area Schools', NULL, 'Youth Medium', 0, 1, '../test_upload/EMU Photo-video waiver form - Carter Atkinson.pdf', ''),
(249, 137, NULL, 'Zachary', 'Malott', '5', 'Heritage School', 'Saline Area Schools', NULL, 'Youth Medium', 0, 1, '../test_upload/Release for EMU Zachary Malott.PDF', ''),
(250, 137, NULL, 'Myles', 'Ogdahl', '5', 'Heritage School', 'Saline Area Schools', NULL, 'Adult Small', 0, 1, '../test_upload/Photo-video waiver form Ogdahl.pdf', ''),
(251, 137, NULL, 'Alisha', 'Sachdeva', '5', 'Heritage School', 'Saline Area Schools', NULL, 'Youth Large', 0, 1, '../test_upload/EMU Photo Waiver.pdf', ''),
(252, 137, NULL, 'Quinn', 'Myers', '4', 'Heritage School', 'Saline Area Schools', NULL, 'Youth Medium', 0, 0, '../test_upload/Photo-video waiver form - Quinn.pdf', ''),
(253, 137, NULL, 'Kavin', 'Arul', '5', 'Heritage School', 'Saline Area Schools', NULL, 'Youth Medium', 0, 1, '../test_upload/Photo-video waiver formKavinArul.pdf', ''),
(254, NULL, NULL, 'test', 'tst', '2', 'AS', 'AS', NULL, 'Youth Large', 0, NULL, NULL, NULL),
(255, NULL, NULL, 'test', 'test', '4', 't', 't', NULL, 'Youth Large', 0, NULL, NULL, NULL),
(256, NULL, 208, 'Mohammad ', 'Jaber', '3', 'MIchigan Islamic Academy', 'Washtenaw county, MI', NULL, 'Youth Medium', 0, 0, NULL, ''),
(257, 143, 149, 'Toby', 'Wright', '12', 'Skyline', 'Ann Arbor', NULL, 'Select Student Shirt Size', 0, 0, '../test_upload/TWright.JPG', ''),
(258, 143, NULL, 'Efe ', 'Akinci', '', 'Skyline', 'Ann Arbor', NULL, 'Adult Medium', 0, NULL, NULL, NULL),
(259, 149, NULL, '', '', '12', 'Skyline High School', 'Ann Arbor Public Schools', NULL, 'Adult Medium', 0, NULL, NULL, NULL),
(260, 153, 140, 'Susan ', 'Xi', '12', 'Skyline', 'Ann Arbor', NULL, 'Adult Small', 0, 0, '../test_upload/Sxi.pdf', ''),
(261, 153, 200, 'Ellie', 'Witten', '', 'Skyline', 'Ann Arbor', NULL, 'Adult Small', 0, NULL, NULL, NULL),
(262, 155, 137, 'Graham', 'Curtis', '12', 'Skyline', 'Ann Arbor', NULL, 'Adult Large', 0, NULL, NULL, NULL),
(263, 155, 214, 'Jelani', 'Hamilton', '', 'Skyline', 'Ann Arbor', NULL, 'Adult Large', 0, NULL, NULL, NULL),
(264, 155, NULL, 'Logan ', 'Gillies', '', 'Skyline', 'Ann Arbor', NULL, 'Adult Medium', 0, NULL, NULL, NULL),
(265, 155, NULL, 'Oren', 'Zekic', '', 'Skyline', 'Ann Arbor', NULL, 'Adult Large', 0, NULL, NULL, NULL),
(266, 156, 153, 'Natalie', 'Keating', '12', 'Skyline', 'Ann Arbor', NULL, 'Adult Large', 0, 0, '../test_upload/NKeating.jpg', ''),
(267, 156, 202, 'Ian', 'Steele', 'Select Student Grade', 'Skyline', 'Ann Arbor', NULL, 'Select Student Shirt Size', 0, 0, '../test_upload/ISteele.jpg', ''),
(268, 156, 151, 'Chloe', 'Durkee', 'Select Student Grade', 'Skyline', 'Ann Arbor', NULL, 'Adult Large', 0, 0, '../test_upload/CDurkee.pdf', ''),
(269, 156, 152, 'Luke', 'McGinnis', 'Select Student Grade', 'Skyline', 'Ann Arbor', NULL, 'Select Student Shirt Size', 0, 0, '../test_upload/LMcGinnis.pdf', ''),
(270, 157, 210, 'Victor', 'Bian', '12', 'Skyline', 'Ann Arbor', NULL, 'Select Student Shirt Size', 0, 0, '../test_upload/VBian.jpeg', ''),
(271, 157, 134, 'John ', 'Oginsky', '', 'Skyline', 'Ann Arbor', NULL, 'Adult Large', 0, NULL, NULL, NULL),
(272, 157, 144, 'Noah', 'Thompson', '', 'Skyline', 'Ann Arbor', NULL, 'Adult Medium', 0, NULL, NULL, NULL),
(273, 157, NULL, 'Timothy', 'Clatterbuck', 'Select Student Grade', 'Skyline', 'Ann Arbor', NULL, 'Adult Large', 0, 1, '../test_upload/ZTClatterbuck.pdf', ''),
(274, 158, 150, 'Judah', 'Wise', '12', 'Skyline', 'Ann Arbor', NULL, 'Select Student Shirt Size', 0, 0, '../test_upload/JWise.PNG', ''),
(275, 158, NULL, 'Bryan', 'Sabolich-Yi', 'Select Student Grade', 'Skyline', 'Ann Arbor', NULL, 'Select Student Shirt Size', 0, 0, '../test_upload/BSYi.pdf', ''),
(276, 158, 204, 'Paul', 'Tistle', '', 'Skyline', 'Ann Arbor', NULL, 'Adult Medium', 0, NULL, NULL, NULL),
(277, 158, NULL, 'Darryl', 'Young', '', 'Skyline', 'Ann Arbor', NULL, 'Adult Large', 0, NULL, NULL, NULL),
(278, 159, 133, 'Manbir', 'Chadha', '12', 'Skyline', 'Ann Arbor', NULL, 'Adult Medium', 0, NULL, NULL, NULL),
(279, 159, 132, 'London', 'Kloehn', '', 'Skyline', 'Ann Arbor', NULL, 'Adult Medium', 0, NULL, NULL, NULL),
(280, NULL, NULL, 'Rob', 'Cupit', '12', 'Huron High School', 'Ann Arbor Public Schools', NULL, 'Adult Large', 0, NULL, NULL, NULL),
(281, NULL, NULL, '', '', 'Select Student Grade', '', '', NULL, 'Select Student Grade', 0, NULL, NULL, NULL),
(282, NULL, 213, 'Roman', 'Quesada', '12', 'Huron High School', 'Ann Arbor', NULL, 'Adult Large', 0, 1, '../test_upload/20210225_231909.jpg', ''),
(283, 151, 212, 'Andre', 'Nguyen', 'Select Student Grade', 'Huron High School', 'Ann Arbor Public School', NULL, 'Select Student Shirt Size', 0, 0, NULL, ''),
(284, 174, 211, 'Zoe', 'Solomon', '12', 'Huron High School', 'Ann Arbor Public Schools', NULL, 'Adult X-Large', 0, 1, '../test_upload/Zoe Consent Form.pdf', ''),
(285, NULL, 210, 'Victor', 'Bian', NULL, NULL, NULL, NULL, NULL, 0, NULL, NULL, NULL),
(286, NULL, 209, 'Leo', 'Greco', NULL, NULL, NULL, NULL, NULL, 0, NULL, NULL, NULL),
(287, 167, 192, 'Zach', 'Pryor', '12', 'Pioneer', 'Ann Arbor', NULL, 'Select Student Shirt Size', 0, 0, '../test_upload/ZPryor.pdf', ''),
(288, 168, 143, 'Owen', 'Connell', '12', 'Skyline', 'Ann Arbor', NULL, 'Adult Large', 0, 0, '../test_upload/OConnell.pdf', ''),
(289, 169, 109, 'Evan', 'Eisman', '12', 'Skyline', 'Ann Arbor', NULL, 'Select Student Shirt Size', 0, 0, '../test_upload/EEisman.JPG', ''),
(290, NULL, NULL, 'Rob', 'Cupit', '12', 'Huron High Schools', 'Ann Arbor Public Schools', NULL, 'Adult Large', 0, NULL, NULL, NULL),
(291, NULL, 214, 'Jelani', 'Hamilton', NULL, NULL, NULL, NULL, NULL, 0, NULL, NULL, NULL),
(292, NULL, 216, 'Akshay', 'Sivakumar', NULL, NULL, NULL, NULL, NULL, 0, NULL, NULL, NULL),
(293, NULL, 215, 'Akshay', 'Sivakumar', NULL, NULL, NULL, NULL, NULL, 0, NULL, NULL, NULL),
(294, NULL, NULL, '', '', 'Select Student Grade', '', '', NULL, 'Select Student Grade', 0, NULL, NULL, NULL),
(295, NULL, NULL, 'test', 'tsst', '7', 'a', 'a', NULL, 'Adult Medium', 0, NULL, NULL, NULL),
(296, NULL, NULL, 'test', 'test', '9', 't', 't', NULL, 'Adult Medium', 0, NULL, NULL, NULL),
(297, NULL, NULL, '', '', 'Select Student Grade', '', '', NULL, 'Select Student Grade', 0, NULL, NULL, NULL),
(298, 185, NULL, '', '', 'Select Student Grade', '', '', NULL, 'Select Student Grade', 0, NULL, NULL, NULL),
(299, NULL, NULL, 'test', 'test', '4', 'test', 'test', NULL, 'Youth Large', 0, NULL, NULL, NULL),
(300, 188, NULL, 'Landon', 'McKinney', '9', 'Ypsilanti High School', 'Ypsilanti', NULL, 'Adult Large', 0, NULL, NULL, NULL),
(301, 188, NULL, 'Derek', 'Mitter', '', 'Ypsilanti High School', 'Ypsilanti', NULL, 'Adult Medium', 0, NULL, NULL, NULL),
(302, 188, NULL, 'Emily', 'Nguyen', '', 'Ypsilanti High School', 'Ypsilanti', NULL, 'Adult Medium', 0, NULL, NULL, NULL),
(303, 188, NULL, 'Paul', 'Kiselev', '', 'Ypsilanti High School', 'Ypsilanti', NULL, 'Adult Large', 0, NULL, NULL, NULL),
(304, 189, NULL, 'Trenton', ' Jean-Gilles', '9', 'Ypsilanti High School', 'Ypsilanti', NULL, 'Youth Medium', 0, NULL, NULL, NULL),
(305, 190, NULL, 'Leslie', 'Vega', '9', 'Ypsilanti High School', 'Ypsilanti', NULL, 'Adult Large', 0, NULL, NULL, NULL),
(306, 190, NULL, 'Me\'chelle', ' Davis', '', 'Ypsilanti High School', 'Ypsilanti', NULL, 'Adult Large', 0, NULL, NULL, NULL),
(307, 190, NULL, 'Rileigh', 'Warren', '', 'Ypsilanti High School', 'Ypsilanti', NULL, 'Adult Large', 0, NULL, NULL, NULL),
(308, 191, NULL, 'Amara', 'Harron', '9', 'Ypsilanti High School', 'Ypsilanti', NULL, 'Adult X-Large', 0, NULL, NULL, NULL),
(309, 191, NULL, 'Angelina', 'Holmes', '', 'Ypsilanti High School', 'Ypsilanti', NULL, 'Adult Large', 0, NULL, NULL, NULL),
(310, 191, NULL, 'Perrya', 'Pope', '', 'Ypsilanti High School', 'Ypsilanti', NULL, 'Adult X-Large', 0, NULL, NULL, NULL),
(311, 192, NULL, 'Venesa', ' Perkins-Waddel', '9', 'Ypsilanti High School', 'Ypsilanti', NULL, 'Adult Large', 0, NULL, NULL, NULL),
(312, 193, NULL, 'Hailey', 'Jackson-Baker', '9', 'Ypsilanti High School', 'Ypsilanti', NULL, 'Adult Large', 0, NULL, NULL, NULL),
(313, 193, NULL, 'Julia', ' Walker', '', 'Ypsilanti High School', 'Ypsilanti', NULL, 'Adult X-Large', 0, NULL, NULL, NULL),
(314, 194, NULL, 'Helen', 'Clark', '9', 'Ypsilanti High School', 'Ypsilanti', NULL, 'Adult X-Large', 0, NULL, NULL, NULL),
(315, 195, NULL, 'DMaria', 'C', '9', 'Ypsilanti High School', 'Ypsilanti', NULL, 'Adult X-Large', 0, NULL, NULL, NULL),
(316, 196, NULL, 'Marcus', 'J', '9', 'Ypsilanti High School', 'Ypsilanti', NULL, 'Adult Large', 0, NULL, NULL, NULL),
(317, 197, NULL, 'Aliana', 'B', '9', 'Ypsilanti High School', 'Ypsilanti', NULL, 'Adult Large', 0, NULL, NULL, NULL),
(318, 198, NULL, 'Kenta', 'Osborn', '9', 'Ypsilanti High School', 'Ypsilanti', NULL, 'Adult X-Large', 0, 0, NULL, 'https://flipgrid.com/9e2e3c08'),
(319, 198, NULL, 'Brenden', 'Essendrup', '9', 'Ypsilanti High School', 'Ypsilanti', NULL, 'Adult X-Large', 0, 0, NULL, 'https://flipgrid.com/9e2e3c08'),
(320, 198, NULL, 'Daylen', 'Williams', '9', 'Ypsilanti High School', 'Ypsilanti', NULL, 'Adult Large', 0, 0, NULL, ''),
(321, 199, NULL, 'Emma', 'OConnor', '6', 'Franklin Middle School', 'Wayne Westland', NULL, 'Youth Large', 0, NULL, NULL, NULL),
(322, 200, NULL, 'Chris', 'Massey', '7', 'Franklin Middle School', 'Wayne Westland', NULL, 'Select Student Grade', 0, NULL, NULL, NULL),
(323, 201, NULL, 'Xavier', '', '7', 'Adams Middle School ', 'Wayne Westland', NULL, 'Adult Large', 0, NULL, NULL, NULL),
(324, 202, NULL, 'Maddi', '', '6', 'Adams Middle School ', 'Wayne Westland', NULL, 'Youth Medium', 0, NULL, NULL, NULL),
(325, 203, NULL, 'Muyonna', 'Williams', '6', ' Romulus Middle School', 'Romulus Community Schools', NULL, 'Youth Large', 0, NULL, NULL, NULL),
(326, 204, NULL, 'Dereck', '', '6', 'Ypsilanti Community Middle School', 'Ypsilanti', NULL, 'Youth Large', 0, NULL, NULL, NULL),
(327, 204, NULL, 'Michael', '', '', 'Ypsilanti Community Middle School', 'Ypsilanti', NULL, 'Youth Large', 0, NULL, NULL, NULL),
(328, 204, NULL, 'Brooklyn', '', '', 'Ypsilanti Community Middle School', 'Ypsilanti', NULL, 'Youth Large', 0, NULL, NULL, NULL);

-- --------------------------------------------------------

--
-- Table structure for table `tbl_team_member_1`
--

DROP TABLE IF EXISTS `tbl_team_member_1`;
CREATE TABLE `tbl_team_member_1` (
  `id` int(10) NOT NULL,
  `team_id` int(11) DEFAULT NULL,
  `student_first_name` varchar(100) DEFAULT NULL,
  `student_last_name` varchar(100) DEFAULT NULL,
  `student_grade` varchar(100) DEFAULT NULL,
  `student_school_name` varchar(1000) DEFAULT NULL,
  `student_school_district` varchar(100) DEFAULT NULL,
  `student_school_county` varchar(100) DEFAULT NULL,
  `t_shirt_size` varchar(100) DEFAULT NULL
) ENGINE=InnoDB DEFAULT CHARSET=utf8mb4;

--
-- Dumping data for table `tbl_team_member_1`
--

INSERT INTO `tbl_team_member_1` (`id`, `team_id`, `student_first_name`, `student_last_name`, `student_grade`, `student_school_name`, `student_school_district`, `student_school_county`, `t_shirt_size`) VALUES
(1, 45, 'Yahya', 'Nasser', 'K', 'Skyline High School', 'Ann Arbor Public Schools', 'Washtenaw', 'Youth Medium\r\n'),
(2, 46, 'Praseeda', 'Munnagi', '2', 'Skyline High School', 'Ann Arbor Public Schools', 'Washtenaw', 'Child Small'),
(3, 46, 'Sahasra', 'Paruchuri', '4', 'Skyline High School', 'Ann Arbor Public Schools', 'Washtenaw', 'Child Medium'),
(5, 47, 'Alice ', 'Jiang', '7', 'Skyline High School', 'Ann Arbor Public Schools', 'Washtenaw', 'Adult Small'),
(6, 48, 'Suhani', 'Dalela', '8', 'Skyline High School', 'Ann Arbor Public Schools', 'Washtenaw', 'Adult Medium'),
(7, 50, 'Tanay ', 'Panja ', '6', 'Skyline High School', 'Ann Arbor Public Schools', 'Washtenaw', 'Medium youth \r\n'),
(8, 51, 'Asishram', 'Tamalampudi', '7\r\n', 'Skyline High School', 'Ann Arbor Public Schools', 'Washtenaw', 'Youth-Medium\r\n'),
(9, 52, 'Jayani', 'Tavane shivakumar', '3', 'Skyline High School', 'Ann Arbor Public Schools', 'Washtenaw', 'Child-Small\r\n'),
(10, 53, 'Hemanth', 'Tavane Shivakumar', '6', 'Skyline High School', 'Ann Arbor Public Schools', 'Washtenaw', 'Adult Small\r\n'),
(11, 54, 'Abhidha', 'Hoshing', '3\r\n', 'Skyline High School', 'Ann Arbor Public Schools', 'Washtenaw', 'Child Large'),
(12, 1, 'Gabriella', 'Williams', '12', 'Skyline High School', 'Ann Arbor Public Schools', 'Washtenaw', 'Small'),
(13, 1, 'Gabi', 'Teodoru', '12', 'Skyline High School', 'Ann Arbor Public Schools', 'Washtenaw', 'M'),
(14, 2, 'Aaron', 'Gankin', '12', 'Skyline High School', 'Ann Arbor Public Schools', 'Washtenaw', 'M'),
(15, 2, 'Jonathan', 'Park', '12', 'Skyline High School', 'Ann Arbor Public Schools', 'Washtenaw', 'XL'),
(16, 3, 'Hashim', 'Asad', '12', 'Skyline High School', 'Ann Arbor Public Schools', 'Washtenaw', 'Small'),
(17, 3, 'Parker', 'Bradshaw', '12', 'Skyline High School', 'Ann Arbor Public Schools', 'Washtenaw', 'M'),
(18, 4, 'Anthony', 'Mendoza', '12', 'Skyline High School', 'Ann Arbor Public Schools', 'Washtenaw', 'M'),
(19, 4, 'Matt', 'Rupp', '12', 'Skyline High School', 'Ann Arbor Public Schools', 'Washtenaw', 'L'),
(20, 5, 'Dara', 'Geva', '12', 'Skyline High School', 'Ann Arbor Public Schools', 'Washtenaw', 'M'),
(21, 5, 'Alaina', 'Heetderks', '12', 'Skyline High School', 'Ann Arbor Public Schools', 'Washtenaw', 'M'),
(22, 6, 'Wesley', 'Barron', '12', 'Skyline High School', 'Ann Arbor Public Schools', 'Washtenaw', 'Small'),
(23, 7, 'Daniel', 'Evans', '12', 'Skyline High School', 'Ann Arbor Public Schools', 'Washtenaw', 'L'),
(24, 7, 'Stevie', 'Hyde', '12', 'Skyline High School', 'Ann Arbor Public Schools', 'Washtenaw', 'M'),
(25, 8, 'Oliver', 'Wang', '12', 'Skyline High School', 'Ann Arbor Public Schools', 'Washtenaw', 'M'),
(26, 8, 'Oskar', 'Shiomi Jensen', '12', 'Skyline High School', 'Ann Arbor Public Schools', 'Washtenaw', 'L'),
(27, 9, 'Emma', 'Kirchmeier', '12', 'Skyline High School', 'Ann Arbor Public Schools', 'Washtenaw', 'M'),
(28, 9, 'Wendi', 'Zhang', '12', 'Skyline High School', 'Ann Arbor Public Schools', 'Washtenaw', 'M'),
(29, 9, 'Susana', 'Leal', '12', 'Skyline High School', 'Ann Arbor Public Schools', 'Washtenaw', 'M'),
(30, 10, 'Brandon', 'Linville', '12', 'Skyline High School', 'Ann Arbor Public Schools', 'Washtenaw', 'M'),
(31, 10, 'Freddy', 'Villalobos', '12', 'Skyline High School', 'Ann Arbor Public Schools', 'Washtenaw', 'M'),
(32, 11, 'Iman', 'Hathaway', '12', 'Skyline High School', 'Ann Arbor Public Schools', 'Washtenaw', 'M'),
(33, 11, 'Isaac', 'Darragh', '12', 'Skyline High School', 'Ann Arbor Public Schools', 'Washtenaw', 'M'),
(34, 12, 'Bobak', 'Eizadkhah', '12', 'Skyline High School', 'Ann Arbor Public Schools', 'Washtenaw', 'Small'),
(35, 12, 'Ananya', 'Sharma', '12', 'Skyline High School', 'Ann Arbor Public Schools', 'Washtenaw', 'Small'),
(36, 13, 'Shane', 'Edson', '12', 'Skyline High School', 'Ann Arbor Public Schools', 'Washtenaw', 'XL'),
(37, 14, 'Langston', 'Kitchen', '9', 'Skyline High School', 'Ann Arbor Public Schools', 'Washtenaw', 'Small'),
(38, 15, 'Kendall', 'Clavier', '8', 'Skyline High School', 'Ann Arbor Public Schools', 'Washtenaw', 'M'),
(39, 15, 'Sanna', 'Sippola', '8', 'Skyline High School', 'Ann Arbor Public Schools', 'Washtenaw', 'Small'),
(40, 15, 'Olivia', 'Scherer', '8', 'Skyline High School', 'Ann Arbor Public Schools', 'Washtenaw', 'Small'),
(41, 15, 'Charlena', 'Jackson', '8', 'Skyline High School', 'Ann Arbor Public Schools', 'Washtenaw', 'M'),
(42, 16, 'Sahara', 'Senevirantne', '8', 'Skyline High School', 'Ann Arbor Public Schools', 'Washtenaw', 'Small'),
(43, 16, 'Ava', 'Debenedet', '8', 'Skyline High School', 'Ann Arbor Public Schools', 'Washtenaw', 'Small'),
(44, 16, 'Sophia', 'Marrs', '8', 'Skyline High School', 'Ann Arbor Public Schools', 'Washtenaw', 'Small'),
(45, 16, 'Allieson', 'Mayer', '8', 'Skyline High School', 'Ann Arbor Public Schools', 'Washtenaw', 'Small'),
(46, 17, 'Josh', 'Hepworth', '8', 'Skyline High School', 'Ann Arbor Public Schools', 'Washtenaw', 'L'),
(47, 18, 'Maya', 'Kama', '8', 'Skyline High School', 'Ann Arbor Public Schools', 'Washtenaw', 'Small'),
(48, 18, 'Michal', 'Kama', '8', 'Skyline High School', 'Ann Arbor Public Schools', 'Washtenaw', 'Small'),
(49, 18, 'Syver', 'Bowles', '8', 'Skyline High School', 'Ann Arbor Public Schools', 'Washtenaw', 'M'),
(50, 19, 'Katherine', 'Ellis', '11', 'Skyline High School', 'Ann Arbor Public Schools', 'Washtenaw', 'XL'),
(51, 19, 'Ben', 'Kessler', '12', 'Skyline High School', 'Ann Arbor Public Schools', 'Washtenaw', 'M'),
(52, 20, 'Ben', 'Egelhof', '12', 'Skyline High School', 'Ann Arbor Public Schools', 'Washtenaw', 'M'),
(53, 20, 'Anna', 'Kaganov', '10', 'Skyline High School', 'Ann Arbor Public Schools', 'Washtenaw', 'Small'),
(54, 20, 'Bobby', 'Feng', '11', 'Skyline High School', 'Ann Arbor Public Schools', 'Washtenaw', 'M'),
(55, 20, 'McDonough', 'Dan', '10', 'Skyline High School', 'Ann Arbor Public Schools', 'Washtenaw', 'M'),
(56, 21, 'Zach', 'Pryor', '11', 'Skyline High School', 'Ann Arbor Public Schools', 'Washtenaw', 'L'),
(57, 21, 'Anthony', 'Gibbons', '11', 'Skyline High School', 'Ann Arbor Public Schools', 'Washtenaw', 'L'),
(58, 21, 'Aidan', 'Lee', '11', 'Skyline High School', 'Ann Arbor Public Schools', 'Washtenaw', 'M'),
(59, 21, 'Darayus', 'Daboo', '11', 'Skyline High School', 'Ann Arbor Public Schools', 'Washtenaw', 'M'),
(60, 22, 'Riley', 'Goniwicha', '12', 'Skyline High School', 'Ann Arbor Public Schools', 'Washtenaw', 'Small'),
(61, 22, 'Nolan', 'McPherson', '10', 'Skyline High School', 'Ann Arbor Public Schools', 'Washtenaw', 'M'),
(62, 22, 'Vasil', 'Vassilev', '10', 'Skyline High School', 'Ann Arbor Public Schools', 'Washtenaw', 'Small'),
(63, 22, 'Ben', 'Barish', '12', 'Skyline High School', 'Ann Arbor Public Schools', 'Washtenaw', 'M'),
(64, 23, 'Austin', 'Jacobs', '12', 'Skyline High School', 'Ann Arbor Public Schools', 'Washtenaw', 'M'),
(65, 23, 'Derrick', 'Scurlock', '12', 'Skyline High School', 'Ann Arbor Public Schools', 'Washtenaw', 'M'),
(66, 23, 'Jackson', 'Hall', '12', 'Skyline High School', 'Ann Arbor Public Schools', 'Washtenaw', 'M'),
(67, 24, 'Nick', 'Kaipainen', '12', 'Skyline High School', 'Ann Arbor Public Schools', 'Washtenaw', 'L'),
(68, 24, 'Kenny', 'Yue', '12', 'Skyline High School', 'Ann Arbor Public Schools', 'Washtenaw', 'XL'),
(69, 24, 'Jacob', 'Kelly', '12', 'Skyline High School', 'Ann Arbor Public Schools', 'Washtenaw', 'M'),
(70, 25, 'Ben', 'Zhao', '12', 'Skyline High School', 'Ann Arbor Public Schools', 'Washtenaw', 'L'),
(71, 25, 'Ben', 'Zhang', '12', 'Skyline High School', 'Ann Arbor Public Schools', 'Washtenaw', 'Small'),
(72, 25, 'Young Seo', 'Lee', '12', 'Skyline High School', 'Ann Arbor Public Schools', 'Washtenaw', 'Small'),
(73, 26, 'Liz', 'Li', '12', 'Skyline High School', 'Ann Arbor Public Schools', 'Washtenaw', 'Small'),
(74, 27, 'Darryl', 'Phillips', '12', 'Skyline High School', 'Ann Arbor Public Schools', 'Washtenaw', 'M'),
(75, 27, 'Ed', 'Hashem', '12', 'Skyline High School', 'Ann Arbor Public Schools', 'Washtenaw', 'M'),
(76, 28, 'Allison', 'Baker', '12', 'Skyline High School', 'Ann Arbor Public Schools', 'Washtenaw', 'Small'),
(77, 28, 'Madison', 'Bowers', '12', 'Skyline High School', 'Ann Arbor Public Schools', 'Washtenaw', 'Small'),
(78, 29, 'Ryan', 'Schulte', '12', 'Skyline High School', 'Ann Arbor Public Schools', 'Washtenaw', 'XL'),
(79, 29, 'Kadin', 'Sims', '12', 'Skyline High School', 'Ann Arbor Public Schools', 'Washtenaw', 'L'),
(80, 30, 'Rishi', 'Hoskeri', '12', 'Skyline High School', 'Ann Arbor Public Schools', 'Washtenaw', 'M'),
(81, 31, 'Ani', 'Cowlagi', '12', 'Skyline High School', 'Ann Arbor Public Schools', 'Washtenaw', 'M'),
(82, 32, 'Joey', 'Ryan', '12', 'Skyline High School', 'Ann Arbor Public Schools', 'Washtenaw', 'Small'),
(83, 32, 'Zolan', 'Baptista', '12', 'Skyline High School', 'Ann Arbor Public Schools', 'Washtenaw', 'L'),
(84, 33, 'Noah', 'Steele', '12', 'Skyline High School', 'Ann Arbor Public Schools', 'Washtenaw', 'M'),
(85, 33, 'Luke', 'Carlson', '12', 'Skyline High School', 'Ann Arbor Public Schools', 'Washtenaw', 'M'),
(86, 34, 'Scott', 'Knudsen', '12', 'Skyline High School', 'Ann Arbor Public Schools', 'Washtenaw', 'L'),
(87, 34, 'Max', 'Brodkey', '12', 'Skyline High School', 'Ann Arbor Public Schools', 'Washtenaw', 'L'),
(88, 34, 'Patrick', 'Tibbetts', '12', 'Skyline High School', 'Ann Arbor Public Schools', 'Washtenaw', 'XL'),
(89, 35, 'John', 'Zou', '12', 'Skyline High School', 'Ann Arbor Public Schools', 'Washtenaw', 'M'),
(90, 35, 'Matt', 'Kukucka', '12', 'Skyline High School', 'Ann Arbor Public Schools', 'Washtenaw', 'M'),
(91, 36, 'Xavier', 'Shumsky', '12', 'Skyline High School', 'Ann Arbor Public Schools', 'Washtenaw', 'M'),
(92, 36, 'Jessica', 'Li', '12', 'Skyline High School', 'Ann Arbor Public Schools', 'Washtenaw', 'M'),
(93, 37, 'Jadyn', 'Smith', '12', 'Skyline High School', 'Ann Arbor Public Schools', 'Washtenaw', 'Small'),
(94, 37, 'Siena', 'Smith', '12', 'Skyline High School', 'Ann Arbor Public Schools', 'Washtenaw', 'Small'),
(95, 38, 'Trevor', 'Ables', '12', 'Skyline High School', 'Ann Arbor Public Schools', 'Washtenaw', 'M'),
(96, 38, 'Chris', 'Van Alstine', '12', 'Skyline High School', 'Ann Arbor Public Schools', 'Washtenaw', 'L'),
(97, 39, 'Joel', 'Schueerholz', '12', 'Skyline High School', 'Ann Arbor Public Schools', 'Washtenaw', 'L'),
(98, 40, 'Tiago', 'Nunes', '12', 'Skyline High School', 'Ann Arbor Public Schools', 'Washtenaw', 'L'),
(99, 41, 'Gemma', 'Poulsen', '12', 'Skyline High School', 'Ann Arbor Public Schools', 'Washtenaw', 'M'),
(100, 41, 'Sara', 'Soluk', '12', 'Skyline High School', 'Ann Arbor Public Schools', 'Washtenaw', 'Small'),
(101, 42, 'Dante', 'Circola', '12', 'Skyline High School', 'Ann Arbor Public Schools', 'Washtenaw', 'M'),
(102, 42, 'Nicolette', 'Knott', '12', 'Skyline High School', 'Ann Arbor Public Schools', 'Washtenaw', 'L'),
(103, 43, 'Nolan', 'Force', '12', 'Skyline High School', 'Ann Arbor Public Schools', 'Washtenaw', 'M'),
(104, 43, 'Gavin', 'LaHousse', '12', 'Skyline High School', 'Ann Arbor Public Schools', 'Washtenaw', 'L'),
(106, 54, 'Sreeansh', 'Kurane', '4', 'Skyline High School', 'Ann Arbor Public Schools', 'Washtenaw', 'L(10-12)'),
(107, 55, 'Liam', 'Spencer', '2', 'Skyline High School', 'Ann Arbor Public Schools', 'Washtenaw', 'Kids Medium'),
(108, 56, 'Sreeansh', 'Kurane', '4', 'Skyline High School', 'Ann Arbor Public Schools', 'Washtenaw', 'L(10-12)'),
(109, 56, 'Abhida', 'Hoshing', '3', 'Skyline High School', 'Ann Arbor Public Schools', 'Washtenaw', 'L(10-12)');

-- --------------------------------------------------------

--
-- Table structure for table `tbl_team_mentor`
--

DROP TABLE IF EXISTS `tbl_team_mentor`;
CREATE TABLE `tbl_team_mentor` (
  `id` int(10) NOT NULL,
  `team_id` int(11) DEFAULT NULL,
  `user_id` int(11) DEFAULT NULL,
  `school_district` varchar(1000) NOT NULL,
  `school_name` varchar(1000) NOT NULL,
  `school_county` varchar(1000) NOT NULL
) ENGINE=InnoDB DEFAULT CHARSET=utf8mb4;

--
-- Dumping data for table `tbl_team_mentor`
--

INSERT INTO `tbl_team_mentor` (`id`, `team_id`, `user_id`, `school_district`, `school_name`, `school_county`) VALUES
(1, 45, 43, 'Livonia Public Schools', 'Livonia Public Schools', 'Wayne'),
(2, 46, 45, 'Ann Arbor Public Schools', 'Burns Park Elementary', 'Washtenaw'),
(3, 47, 45, 'Saline', 'Saline Middle School', 'Washtenaw'),
(4, 48, 45, 'Saline', 'Saline Middle School', 'Washtenaw'),
(5, 50, 44, 'Ann Arbor public school, Michigan  ', 'Clague middle school ', 'Washtenaw'),
(6, 51, 4, 'Ann Arbor Public School', 'Tappan Middle School', 'Wastenaw'),
(7, 52, 46, 'Ann Arbor public school, Michigan  ', 'Kings Elementary school', 'Washtenaw'),
(8, 53, 46, 'Ann Arbor public school, Michigan  ', 'Clague Middle School', 'Wastenaw'),
(9, 54, 5, 'Ann Arbor public school, Michigan  ', 'Burns Park Elementary School', 'Washtenaw'),
(10, 1, 32, 'Ann Arbor Public Schools', 'Skyline High School', 'Washtenaw'),
(11, 2, 32, 'Ann Arbor Public Schools', 'Skyline High School', 'Washtenaw'),
(12, 3, 32, 'Ann Arbor Public Schools', 'Skyline High School', 'Washtenaw'),
(13, 4, 32, 'Ann Arbor Public Schools', 'Skyline High School', 'Washtenaw'),
(14, 5, 33, 'Ann Arbor Public Schools', 'Skyline High School', 'Washtenaw'),
(15, 6, 33, 'Ann Arbor Public Schools', 'Skyline High School', 'Washtenaw'),
(16, 7, 33, 'Ann Arbor Public Schools', 'Skyline High School', 'Washtenaw'),
(17, 8, 33, 'Ann Arbor Public Schools', 'Skyline High School', 'Washtenaw'),
(18, 9, 33, 'Ann Arbor Public Schools', 'Skyline High School', 'Washtenaw'),
(19, 10, 34, 'Ann Arbor Public Schools', 'Skyline High School', 'Washtenaw'),
(20, 11, 34, 'Ann Arbor Public Schools', 'Skyline High School', 'Washtenaw'),
(21, 12, 34, 'Ann Arbor Public Schools', 'Skyline High School', 'Washtenaw'),
(22, 13, 34, 'Ann Arbor Public Schools', 'Skyline High School', 'Washtenaw'),
(23, 14, 34, 'Ann Arbor Public Schools', 'Skyline High School', 'Washtenaw'),
(24, 15, 34, 'Ann Arbor Public Schools', 'Forsythe Middle School', 'Washtenaw'),
(25, 16, 34, 'Ann Arbor Public Schools', 'Forsythe Middle School', 'Washtenaw'),
(26, 17, 34, 'Ann Arbor Public Schools', 'Forsythe Middle School', 'Washtenaw'),
(27, 18, 34, 'Ann Arbor Public Schools', 'Forsythe Middle School', 'Washtenaw'),
(28, 19, 35, 'Ann Arbor Public Schools', 'Pioneer High School', 'Washtenaw'),
(29, 20, 35, 'Ann Arbor Public Schools', 'Pioneer High School', 'Washtenaw'),
(30, 21, 35, 'Ann Arbor Public Schools', 'Pioneer High School', 'Washtenaw'),
(31, 22, 35, 'Ann Arbor Public Schools', 'Pioneer High School', 'Washtenaw'),
(32, 23, 35, 'Ann Arbor Public Schools', 'Pioneer High School', 'Washtenaw'),
(33, 24, 36, 'Ann Arbor Public Schools', 'Huron High School', 'Washtenaw'),
(34, 25, 36, 'Ann Arbor Public Schools', 'Huron High School', 'Washtenaw'),
(35, 26, 36, 'Ann Arbor Public Schools', 'Huron High School', 'Washtenaw'),
(36, 27, 36, 'Ann Arbor Public Schools', 'Huron High School', 'Washtenaw'),
(37, 28, 36, 'Ann Arbor Public Schools', 'Huron High School', 'Washtenaw'),
(38, 29, 36, 'Ann Arbor Public Schools', 'Huron High School', 'Washtenaw'),
(39, 30, 36, 'Ann Arbor Public Schools', 'Huron High School', 'Washtenaw'),
(40, 31, 36, 'Ann Arbor Public Schools', 'Huron High School', 'Washtenaw'),
(41, 32, 36, 'Ann Arbor Public Schools', 'Huron High School', 'Washtenaw'),
(42, 33, 36, 'Ann Arbor Public Schools', 'Huron High School', 'Washtenaw'),
(43, 34, 36, 'Ann Arbor Public Schools', 'Huron High School', 'Washtenaw'),
(44, 35, 36, 'Ann Arbor Public Schools', 'Huron High School', 'Washtenaw'),
(45, 36, 36, 'Ann Arbor Public Schools', 'Huron High School', 'Washtenaw'),
(46, 37, 36, 'Ann Arbor Public Schools', 'Huron High School', 'Washtenaw'),
(47, 38, 36, 'Ann Arbor Public Schools', 'Huron High School', 'Washtenaw'),
(48, 39, 36, 'Ann Arbor Public Schools', 'Huron High School', 'Washtenaw'),
(49, 40, 36, 'Ann Arbor Public Schools', 'Huron High School', 'Washtenaw'),
(50, 41, 33, 'Ann Arbor Public Schools', 'Skyline High School', 'Washtenaw'),
(51, 42, 33, 'Ann Arbor Public Schools', 'Skyline High School', 'Washtenaw'),
(52, 43, 33, 'Ann Arbor Public Schools', 'Skyline High School', 'Washtenaw'),
(108, 109, 32, '', '', ''),
(109, 110, 5, '', '', ''),
(124, 125, 87, '', '', ''),
(125, 126, 5, '', '', ''),
(126, 127, 87, '', '', ''),
(127, 128, 5, '', '', ''),
(128, 129, 5, '', '', ''),
(131, 132, 91, '', '', ''),
(132, 133, 4, '', '', ''),
(133, 134, 5, '', '', ''),
(134, 135, 4, '', '', ''),
(135, 136, 4, '', '', ''),
(136, 137, 80, '', '', ''),
(137, 138, 4, '', '', ''),
(138, 139, 4, '', '', ''),
(139, 140, 4, '', '', ''),
(140, 141, 4, '', '', ''),
(141, 142, 4, '', '', ''),
(142, 143, 111, '', '', ''),
(143, 144, 91, '', '', ''),
(144, 145, 91, '', '', ''),
(145, 146, 91, '', '', ''),
(146, 147, 91, '', '', ''),
(147, 148, 91, '', '', ''),
(148, 149, 148, '', '', ''),
(149, 150, 91, '', '', ''),
(150, 151, 91, '', '', ''),
(151, 152, 91, '', '', ''),
(152, 153, 111, '', '', ''),
(153, 154, 91, '', '', ''),
(154, 155, 111, '', '', ''),
(155, 156, 111, '', '', ''),
(156, 157, 111, '', '', ''),
(157, 158, 111, '', '', ''),
(158, 159, 111, '', '', ''),
(159, 160, 91, '', '', ''),
(160, 161, 93, '', '', ''),
(161, 162, 93, '', '', ''),
(162, 163, 93, '', '', ''),
(163, 164, 93, '', '', ''),
(164, 165, 93, '', '', ''),
(165, 166, 93, '', '', ''),
(166, 167, 111, '', '', ''),
(167, 168, 111, '', '', ''),
(168, 169, 111, '', '', ''),
(169, 170, 111, '', '', ''),
(170, 171, 91, '', '', ''),
(171, 172, 91, '', '', ''),
(172, 173, 91, '', '', ''),
(173, 174, 91, '', '', ''),
(174, 175, 111, '', '', ''),
(175, 176, 4, '', '', ''),
(176, 177, 4, '', '', ''),
(177, 178, 4, '', '', ''),
(178, 179, 4, '', '', ''),
(179, 180, 4, '', '', ''),
(180, 181, 4, '', '', ''),
(181, 182, 4, '', '', ''),
(182, 183, 93, '', '', ''),
(183, 184, 93, '', '', ''),
(184, 185, 93, '', '', ''),
(185, 186, 93, '', '', ''),
(186, 187, 1, '', '', ''),
(187, 188, 239, '', '', ''),
(188, 189, 239, '', '', ''),
(189, 190, 239, '', '', ''),
(190, 191, 239, '', '', ''),
(191, 192, 239, '', '', ''),
(192, 193, 239, '', '', ''),
(193, 194, 239, '', '', ''),
(194, 195, 239, '', '', ''),
(195, 196, 239, '', '', ''),
(196, 197, 239, '', '', ''),
(197, 198, 239, '', '', ''),
(198, 199, 240, '', '', ''),
(199, 200, 240, '', '', ''),
(200, 201, 241, '', '', ''),
(201, 202, 1, '', '', ''),
(202, 203, 243, '', '', ''),
(203, 204, 242, '', '', '');

-- --------------------------------------------------------

--
-- Table structure for table `tbl_user`
--

DROP TABLE IF EXISTS `tbl_user`;
CREATE TABLE `tbl_user` (
  `id` int(10) NOT NULL,
  `first_name` varchar(100) DEFAULT NULL,
  `last_name` varchar(100) DEFAULT NULL,
  `phone` varchar(100) DEFAULT NULL,
  `email` varchar(100) DEFAULT NULL,
  `password` varchar(100) DEFAULT NULL,
  `user_type` varchar(100) DEFAULT NULL,
  `category` varchar(100) DEFAULT NULL,
  `judge_confirm` varchar(10) DEFAULT NULL,
  `interested` varchar(10000) DEFAULT NULL,
  `address` varchar(1000) DEFAULT NULL,
  `is_approved` int(11) DEFAULT 0,
  `deleted` int(11) DEFAULT 0,
  `Year` varchar(100) DEFAULT NULL
) ENGINE=InnoDB DEFAULT CHARSET=utf8mb4;

--
-- Dumping data for table `tbl_user`
--

INSERT INTO `tbl_user` (`id`, `first_name`, `last_name`, `phone`, `email`, `password`, `user_type`, `category`, `judge_confirm`, `interested`, `address`, `is_approved`, `deleted`, `Year`) VALUES
(1, 'SuperUser', 'SuperUser', '7348820206', 'emu_invent@emich.edu', 'emu@1', 'SuperUser', '', 'Y', '', '', 1, 0, '2022'),
(4, 'Satish', 'Munnagi', '7347090606', 'satish.munnagi@gmail.com', '123', 'Mentor', '', '', 'Mentoring', '', 1, 0, '2021'),
(5, 'Shiri', 'Vivek', '7347573400', 'svivek@emich.edu', 'shirivivek', 'Mentor', '', '', 'Organizer', '', 1, 0, '2021'),
(6, 'Guzdial', 'Katie', '', 'guzdialk@umich.edu', 'guzdial@1', 'Judge', 'Faculty', '', 'Judging', '', 1, 0, ''),
(7, 'Vernnaliz', 'Carrasquillo', '', 'vcarrasq@emich.edu', 'vernnaliz@1', 'Judge', 'Faculty', 'Y', 'Volunteering', '', 1, 0, '2021'),
(8, 'Leon', 'Bryson', '734-255-9301', 'lbryson@emich.edu', 'leon@16', 'Judge', 'Student', 'Y', 'Judging', '', 1, 0, ''),
(9, 'Batoul', 'Abdallah', '', 'babdalla@emich.edu', 'batoul@1', 'Judge', 'Others', 'Y', 'Judging;Volunteering', '', 1, 0, ''),
(10, 'David', 'DeLisle', '', 'ddelisle@emich.edu', 'david@1', 'Judge', 'Student', '', 'Judging;Mentoring', '', 1, 0, ''),
(11, 'Alexander', 'Neal', '', 'aneal10@emich.edu', 'alexander@1', 'Judge', 'Student', 'Y', 'Judging;Mentoring', '', 1, 0, ''),
(12, 'Abhijeet', 'Hoshing', '', 'hoshing.abhijeet@gmail.com', 'jabhijeet@1', 'Judge', 'Professional/Engineers', 'Y', 'Judging;Volunteering;Mentoring', '', 1, 0, ''),
(13, 'Laura', 'Schubring', '', 'lschubri@emich.edu', 'laura@1', 'Judge', 'Student', 'Y', 'Judging;Mentoring', '', 1, 0, ''),
(14, 'Thomas', 'Seubert', '5869435060', 'scoutseuby@yahoo.com', 'thomas@1', 'Judge', 'Professional', 'Y', 'Judging;Mentoring', '', 1, 0, ''),
(15, 'Herman', 'Tang', '', 'htang2@emich.edu', 'herman@1', 'Judge', 'Faculty', 'Y', 'Judging;Mentoring', '', 1, 0, ''),
(17, 'Tareq', 'Khan', '7347560827', 'tareq.khan@emich.edu', 'tareq@1', 'Judge', 'Faculty', 'Y', 'Judging', '', 1, 0, '2021'),
(18, 'Jessica', 'Durance', '', 'jdiestel@emich.edu', 'jessica@1', 'Judge', 'Pre-service teacher', 'Y', 'Judging', '', 1, 0, ''),
(19, 'Leah ', 'Huyser', '', 'lhuyser@emich.edu', 'leah@1', 'Judge', 'Pre-service teacher', 'Y', 'Judging', '', 1, 0, ''),
(20, 'Jaya', 'Sharma', '', 'jayasharmajdh@gmail.com', 'jaya@1', 'Judge', 'Professional/Engineers', 'Y', 'Judging', '', 1, 0, '2021'),
(21, 'Steve', 'Rohde', '', 'rohdesteve@gmail.com', 'Smr29738EMU', 'Judge', 'Professional/Engineers', 'Y', 'Judging;Mentoring', '', 1, 0, '2021'),
(23, 'Bryan', 'Whitlow', '', 'bwhitlo1@emich.edu', 'bryan@1', 'Judge', 'Pre-service teacher', 'Y', 'Judging', '', 1, 0, ''),
(24, 'Rachel ', 'Rhodes', '', 'rrhodes7@emich.edu', 'rachel@1', 'Judge', 'Pre-service teacher', 'Y', 'Judging', '', 1, 0, ''),
(25, 'Kaitlyn', 'Kotcher', '', 'kkotcher@emich.edu', 'kaitlyn@1', 'Judge', 'Pre-service teacher', 'Y', 'Judging', '', 1, 0, ''),
(26, 'Lexie', 'McCloskey', '', 'amcclos1@emich.edu', 'lexie@1', 'Judge', 'Pre-Service teacher', 'Y', 'Judging;Mentoring', '', 1, 0, ''),
(27, 'Aaron', 'Czapla', '', 'aczapla@emich.edu', 'aaron@1', 'Judge', 'Pre-Service teacher', 'Y', 'Judging', '', 1, 0, ''),
(29, 'Amy', 'Johnson', '', 'ajohns82@emich.edu', 'jamy@1', 'Judge', 'Faculty', 'Y', 'Judging', '', 1, 0, ''),
(30, 'Emily', 'Alderman', '', 'ealderm2@emich.edu', 'emily@1', 'Judge', 'Pre-service teacher', 'Y', 'Judging', '', 1, 0, ''),
(31, 'Amanda', 'Segerstrom', '', 'astasik@emich.edu', 'amanda@1', 'Judge', 'Pre-service teacher', 'Y', 'Judging', '', 1, 0, ''),
(32, 'Tom', 'Pachera\r', '(734)545-6129\r\n', 'pachera@aaps.k12.mi.us', 'MaxxGabe1', 'Mentor', '', '', 'Mentoring', '', 1, 0, ''),
(33, 'Charlie', 'Centivany', '(734)545-6133', 'centivanyc@aaps.k12.mi.us', 'cooper1973', 'Mentor', '', '', 'Mentoring', '', 1, 0, ''),
(34, 'Bill', 'Campbell', '(734)545-6137\r\n', 'campbellw@aaps.k12.mi.us', 'Dorian1!', 'Mentor', '', '', 'Mentoring', '', 1, 0, ''),
(35, 'Marty\r', 'Moreno\r', '419-367-9368', 'morenom@aaps.k12.mi.us', 'marty@1', 'Mentor', '', '', 'Mentoring', '', 1, 0, ''),
(36, 'Rob\r', 'Cupit\r', '734-552-0998\r\n', 'cupitr@aaps.k12.mi.us', 'rob@1', 'Mentor', '', '', 'Mentoring', '', 1, 0, ''),
(37, 'Bill\r', 'VanLoo\r', '734-652-6883\r\n', 'vanloo@aaps.k12.mi.us', 'bill@1', 'Mentor', '', '', 'Mentoring', '', 1, 0, ''),
(38, 'Swetha', 'Sadineni\r', NULL, 'ssadinen@emich.edu', 'swetha@1', 'Student', 'Student\r\n', 'Y', 'Judging;Mentoring;Volunteering', '', 1, 0, '2021'),
(39, 'Nina', 'Contis', NULL, 'econtis@emich.edu', 'nina@1', 'Judge', 'Faculty', '', 'Co-Organizer', '', 1, 0, ''),
(40, 'Priyanka \r', 'Meharia \r', NULL, 'pmeharia@gmail.com', 'jpriyanka@1', 'Judge', 'Faculty', '', 'Judging', '', 1, 0, ''),
(42, 'Brittany', 'Albaugh', '', 'balbaug1@emich.edu', 'brittany@1', 'Judge', 'Faculty', 'Y', 'Judging', '', 1, 0, ''),
(43, 'Amy\r', 'Poteracki', '7347442730\r\n', 'babdalla@emich.edu', 'mamy@1', 'Mentor', '', 'Y', 'Mentoring', '', 1, 0, ''),
(44, 'Priyanka ', 'Meharia ', '7448348491', 'meharia@gmail.com', 'mpriyank@1', 'Mentor', '', '', 'Judging', '', 1, 0, ''),
(45, 'Steve', 'Rohde', '', 'rohdesteve@gmail.com', 'msteve@1', 'Mentor', 'Professional/Engineers', 'Y', '', '', 1, 0, ''),
(46, 'Abhijeet', 'Hoshing', '', 'hoshing.abhijeet@gmail.com', 'mabhijeet@1', 'Mentor', 'Professional/Engineers', 'Y', '', '', 1, 0, ''),
(48, 'Rebecca', 'Lee', '', 'rlee38@emich.edu', 'rebecca@1', 'Judge', 'Pre-Service teacher', 'Y', 'Judging', '', 1, 0, ''),
(49, 'Brendon', 'Kociba', '', 'bkociba@emich.edu', 'brendon@1', 'Judge', 'Student', 'Y', 'Judging', '', 1, 0, ''),
(50, 'Boarman', 'Leah', '', 'lboarman@emich.edu', 'boarman@1', 'Judge', 'Pre-Service teacher', 'Y', 'Judging', '', 1, 0, ''),
(51, 'Chapman', 'Mary', '', 'mchapm13@emich.edu', 'chapman@1', 'Judge', 'Pre-Service teacher', 'Y', 'Judging', '', 1, 0, ''),
(53, 'Nick', 'Butkevich', '', 'nbutkevi@emich.edu', 'nick@1', 'Judge', 'Student', 'Y', 'Judging', '', 1, 0, ''),
(54, 'Peyton', 'Bergmann', '', 'pbergma2@emich.edu', 'peyton@1', 'Judge', 'Pre-Service teacher', 'Y', 'Judging', '', 1, 0, ''),
(55, 'Yaseen', 'Ahmed', '', 'director@nedscholars.org', 'ahmed@1', 'Judge', 'K-12 Teachers', 'Y', 'Judging', '', 1, 0, ''),
(56, 'Naheed', 'Akhter', '', 'naheedakhter1@yahoo.com', 'naheed@1', 'Judge', 'Faculty', 'Y', 'Judging', '', 1, 0, '2021'),
(57, 'Lisa', 'Spencer', '', 'spencerlisaj@gmail.com', 'lisa@1', 'Judge', 'Professional', 'Y', 'Judging', '', 1, 0, ''),
(58, 'Jon', 'Spencer', '', 'jonathanhspencer@outlook.com', 'Dr@gR@ce1', 'Judge', 'Professional', 'Y', 'Judging', '', 1, 0, ''),
(59, 'Kunal', 'Banerji', '', 'kbanerji@emich.edu', 'kunal@1', 'Judge', 'Faculty', 'Y', 'Judging', '', 1, 0, '2021'),
(60, 'admin', 'admin', NULL, 'admin@emich.edu', 'admin@1', 'Organizer', '', '', '', '', 1, 0, ''),
(62, 'Anwar', 'Zaidi', '', 'akzaidi110@gmail.com', 'anwar@1', 'Judge', 'Professional', 'Y', 'Judging', '', 1, 0, ''),
(63, 'Mansoor', 'Malik', '', 'mansoor4mi@yahoo.com', 'mansoor@1', 'Judge', 'Professional', 'Y', 'Judging', '', 1, 0, ''),
(64, 'Sharon ', 'Beatty', '', 'Sbeatty@cba.ua.edu', 'sharon@1', 'Judge', 'Faculty', 'Y', 'Judging', '', 1, 0, ''),
(80, 'Christopher', 'Myers', '7343478969', 'cmyers734@gmail.com', 'los1fuy8vuft*JESK', 'Mentor', NULL, NULL, NULL, '1430 Annendale Ct, 48108', 1, 0, '2021'),
(85, 'priyanka', 'meharia', '7348348491', 'pmeharia@emich.edu', 'tanay2007', 'Mentor', NULL, NULL, NULL, '2956 Leslie Park circle.', 0, 0, '2021'),
(86, 'Rafia', 'Tahsin', '7349455382', 'rafia.tahsin@yahoo.com', 'Batash2004', 'Mentor', '', NULL, NULL, '7863 Hampton Ct', 1, 0, '2021'),
(87, 'AAMNA', 'AHMED', '2343332222', 'msohailahmed@yahoo.com', '123', 'Mentor', '', '', NULL, '2224 RADCLIFFE DRIVE', 1, 0, '2021'),
(89, 'Mohamed', 'Mahmoudi', '', 'mohamed.mahmoudi@mia-aa.org', 'Chaselock1p1e', 'General User', 'Student', NULL, NULL, '', 1, 0, '2021'),
(91, 'Rob', 'Cupit', '7345520898', 'cupitr@a2schools.org', 'Zetty40!', 'Mentor', NULL, NULL, NULL, '2727 Fuller Road, Ann Arbor, MI, 48105', 1, 0, '2021'),
(93, 'Katie', 'Marchionna', '248-496-1983', 'marchionnac@a2schools.org', 'Norbert1', 'Mentor', NULL, NULL, NULL, '2727 Fuller Rd', 1, 0, '2021'),
(100, 'Gulnaz', 'Khan', '4192906937', 'gulnaztarek@yahoo.com', 'sammer2010', 'Mentor', NULL, NULL, NULL, '866 Eagle Ave.', 1, 0, '2021'),
(104, 'Leena', 'Abouzahr', '', 'leena.abouzahr@mia-aa.org', '6LzGVbTvpwjbJyV', 'Mentor', NULL, NULL, NULL, '', 1, 0, '2021'),
(107, 'Vaibhav', 'Ramaseshadri', '7344171428', '2022ramaseshadrivaibhavt@a2schools.org', 'Vaibhav2004!', 'Student', NULL, NULL, NULL, '', 1, 0, '2021'),
(108, 'Owen', 'Sayer', '734 668 4038', 'owenbsayer@gmail.com', 'Staedtler2020', 'Student', NULL, NULL, NULL, '', 1, 0, '2021'),
(109, 'Evan', 'Eisman', '', '2021eismanevanh@a2schools.org', 'well72GolfVIP', 'Student', NULL, NULL, NULL, '', 1, 0, '2021'),
(110, 'Tim', 'clatterbuck', '', '2021clatterbucktimothy@a2schools.org', 'Timbo0817', 'Student', NULL, NULL, NULL, '', 1, 0, '2021'),
(111, 'Charles ', 'Centivany', '', 'centivanyc@a2schools.org', 'rocket69', 'Mentor', NULL, NULL, NULL, '', 1, 0, '2021'),
(112, 'Samantha ', 'Hastie', '', '2021hastiesamanthaj@a2schools.org', 'wild99TreeRLY', 'Student', NULL, NULL, NULL, '', 1, 0, '2021'),
(113, 'Sophie', 'Getzen', '7347406832', '2021getzensophieh@a2schools.org', 'hur$0523311455Hi', 'Student', NULL, NULL, NULL, '', 1, 0, '2021'),
(114, 'Jackson', 'Den Houter', '', '2021denhouterjacksonr@a2schools.org', 'real32HaveWTG', 'Student', NULL, NULL, NULL, '', 1, 0, '2021'),
(115, 'Isaac', 'Madhavaram', '7343527115', '2021madhavaramisaaca@a2schools.org', 'EMU@Huron@1', 'Student', NULL, NULL, NULL, '', 1, 0, '2021'),
(116, 'Bennett', 'Den Houter', '', '2021denhouterbennettp@a2schools.org', 'same58WoodRLY', 'Student', NULL, NULL, NULL, '', 1, 0, '2021'),
(117, 'Evan', 'Ridenour', '734-680-5339', '2021ridenourevanh@aaps.k12.mi.us', 'Evanevan03', 'Student', NULL, NULL, NULL, '', 1, 0, '2021'),
(118, 'Donovan', 'Smith', '', '2021smithdonovanl@a2schools.org', 'Lionshark21', 'Student', NULL, NULL, NULL, '', 1, 0, '2021'),
(119, 'Eric', 'Joseph', '', '2021josephericc@a2schools.org', 'go38Blue', 'Student', NULL, NULL, NULL, '', 1, 0, '2021'),
(120, 'Arman', 'Getzen', '7346499850', '2021getzenarmanh@a2schools.org', 'glad59SafeAFK', 'Student', NULL, NULL, NULL, '', 1, 0, '2021'),
(121, 'Derek', 'Hwang', '', '2021hwangderekh@aaps.k12.mi.us', 'selfCub3', 'Student', NULL, NULL, NULL, '', 1, 0, '2021'),
(122, 'Caterina', 'Hart', '7342778749', '2021hartcaterinae@a2schools.org', 'Riddle2025', 'Student', NULL, NULL, NULL, '', 1, 0, '2021'),
(123, 'James', 'Schrupp', '7348346624', '2021schruppjamesh@a2schools.org', 'Harryruby1!', 'Student', NULL, NULL, NULL, '', 1, 0, '2021'),
(124, 'Eli', 'Pinals', '', '2021pinalseliezerl@a2schools.org', 'near93FireWTG', 'Student', NULL, NULL, NULL, '', 1, 0, '2021'),
(125, 'Lucas', 'Reading Sunol', '', '2021readingsunollucass@aaps.k12.mi.us', '1320@Big!nicE', 'Student', NULL, NULL, NULL, '', 1, 0, '2021'),
(126, 'Kenneth', 'Gaffield', '', '2021gaffieldkennethm@a2school.org', 'nice21WolfIMO', 'Student', NULL, NULL, NULL, '', 1, 0, '2021'),
(127, 'Koen', 'van Nieuwstadt', '', '2021vannieuwstadtkoenm@a2schools.org', 'pirateNinja9~', 'Student', NULL, NULL, NULL, '', 1, 0, '2021'),
(128, 'Dominic', 'Hines', '7342391980', '2021hinesdominicg@a2schools.org', 'Feder@l10', 'Student', NULL, NULL, NULL, '', 1, 0, '2021'),
(129, 'Kyle', 'Rodriguez', '', '2021rodriguezkylee@aaps.k12.mi.us', 'Kirby2001', 'Student', NULL, NULL, NULL, '', 1, 0, '2021'),
(130, 'Easton ', 'Rem', '7343772139', '2021remeas@a2schools.org', 'busy54WolfS2S', 'Student', NULL, NULL, NULL, '', 1, 0, '2021'),
(131, 'Axel', 'Avram', '7346441414', '2021avramaxelf@aaps.k12.mi.us', 'Axelavram9', 'Student', NULL, NULL, NULL, '', 1, 0, '2021'),
(132, 'London', 'Kloehn', '', '2021kloehnlondon@a2schools.org', 'slow14NineIMO', 'Student', NULL, NULL, NULL, '', 1, 0, '2021'),
(133, 'Manbir', 'Chadha', '', '2021chadhamanbirs@a2schools.org', 'made93RainOIC', 'Student', NULL, NULL, NULL, '', 1, 0, '2021'),
(134, 'John', 'Oginsky', '', '2021oginskyjohnt@a2schools.org', 'just23NineHBD', 'Student', NULL, NULL, NULL, '', 1, 0, '2021'),
(136, 'Valeria ', 'Takacs', '', '2021takacsvaleriak@a2schools.org', 'honeymoon13', 'Student', NULL, NULL, NULL, '', 1, 0, '2021'),
(137, 'Graham', 'Curtis', '', '2021curtisgrahamc@a2schools.org', '300743mu', 'Student', NULL, NULL, NULL, '', 1, 0, '2021'),
(138, 'Robin', 'Austerberry', '7342767460', 'robinausterberry@gmail.com', 'HelloInternet1', 'Student', NULL, NULL, NULL, '', 1, 0, '2021'),
(139, 'Victor', 'Bian', '', '2021bianvictors@a2schools.com', '03012003', 'Student', NULL, NULL, NULL, '', 1, 0, '2021'),
(140, 'Susan', 'Xi', '', '2021xisusans@a2schools.org', 'ABCD1234', 'Student', NULL, NULL, NULL, '', 1, 0, '2021'),
(141, 'Laylah', 'Carrubba', '(716) 563-7758', '2021carrubbalaylahd@a2schools.org', 'fast98MoonURW', 'Student', NULL, NULL, NULL, '', 1, 0, '2021'),
(142, 'Robin', 'Austerberry', '7342767460', '2021AusterberryRobinD@a2schools.org', 'HelloInternet1', 'Student', NULL, NULL, NULL, '', 0, 0, '2021'),
(143, 'Owen', 'Connell', '', '2021connellowenl@a2schools.org', 'half83FootCUL', 'Student', NULL, NULL, NULL, '', 1, 0, '2021'),
(144, 'Noah', 'Thompson', '', '2021thompsonnoahm@a2schools.org', 'slow91WishOIC', 'Student', NULL, NULL, NULL, '', 1, 0, '2021'),
(145, 'Forrest', 'Hadley', '734-478-7830', '2021hadleyforrestc@a2schools.org', 'Guineapig1', 'Student', NULL, NULL, NULL, '', 1, 0, '2021'),
(146, 'Chloe', 'Yang', '', '2021yangchloes@a2schools.org', 'good89LifeYTB', 'Student', NULL, NULL, NULL, '', 1, 0, '2021'),
(147, 'Quincy', 'Menz', '', '2021menzquincym@aaps.k12.mi.us', 'live22BackKOW', 'Student', NULL, NULL, NULL, '', 1, 0, '2021'),
(148, 'Thomas', 'Pachera', '7343203891', 'pachera@a2schools.org', 'MaxxGabe1', 'Mentor', NULL, NULL, NULL, '2552 N. Maple Rd.', 1, 0, '2021'),
(149, 'Toby', 'Wright', '', '2021wrighttobyg@a2schoools.org', 'shed75NineLOL', 'Student', NULL, NULL, NULL, '', 1, 0, '2021'),
(150, 'Judah', 'Wise', '', '2021wisejudahc@aaps.k12.mi.us', 'high95RockGTG', 'Student', NULL, NULL, NULL, '', 1, 0, '2021'),
(151, 'Chloe', 'Durkee', '(734)355-1302', '2021durkeechloeb@a2schools.org', 'gopandas', 'Student', NULL, NULL, NULL, '', 1, 0, '2021'),
(152, 'Luke', 'McGinnis', '', '2021mcginnislukei@a2schools.org', 'Savannah2', 'Student', NULL, NULL, NULL, '', 1, 0, '2021'),
(153, 'Natalie', 'Keating', '2486792822', '2021keatingnatalieg@a2schools.org', 'hqhhr9ck', 'Student', NULL, NULL, NULL, '', 1, 0, '2021'),
(154, 'Elizabeth', 'Soroka', '7343537980', 'elliesoroka@gmail.com', '1144Aberdeen', 'Student', NULL, NULL, NULL, '', 1, 0, '2021'),
(155, 'Meera', 'Ramaswami', '', '2022ramaswamimeera@a2schools.org', 'ULBT73FK', 'Student', NULL, NULL, NULL, '', 1, 0, '2021'),
(156, 'layne', 'grosshans', '', '2022grosshanslaynem@a2schools.org', 'same16IronKOW', 'Student', NULL, NULL, NULL, '', 0, 0, '2021'),
(157, 'Emma', 'Kaipainen', '', '2022kaipainenemmak@a2schools.org', 'EMUsalasana', 'Student', NULL, NULL, NULL, '', 1, 0, '2021'),
(158, 'Cali', 'Streeter', '734-478-1865', '2022streetercalik@a2schools.org', 'epic49BackNVM', 'Student', NULL, NULL, NULL, '', 1, 0, '2021'),
(159, 'Kathryn', 'Meader', '(734)709-9417', '2021meaderkathryna@aaps.k12.mi.us', 'K@tezoe.com', 'Student', NULL, NULL, NULL, '', 1, 0, '2021'),
(161, 'Liam', 'Spencer', '734-730-5926', 'spencea2@gmail.com', 'DragRace', 'Student', NULL, NULL, NULL, '', 1, 0, '2021'),
(162, 'Peter', 'Stenger', '', '2021stengerpetera@aaps.k12.mi.us', 'retep2170', 'Student', NULL, NULL, NULL, '', 1, 0, '2021'),
(163, 'Josh', 'Cullen', '7348343778', '2021cullenjoshuaj@a2schools.org', '304238hi', 'Student', NULL, NULL, NULL, '', 1, 0, '2021'),
(164, 'Prathik', 'Guduri', '7347738787', '2021guduriprathik@a2schools.org', '300438hi', 'Student', NULL, NULL, NULL, '', 1, 0, '2021'),
(165, 'Michael', 'Hill-Carruthers', '', '2021hillcarruthersmichaelr@a2schools.org', 'idle46FilmHBD', 'Student', NULL, NULL, NULL, '', 1, 0, '2021'),
(166, 'Hamzah ', 'Al Thani ', '', '2021althanihamzaha@a2schools.org', 'bold62CareS2S', 'Student', NULL, NULL, NULL, '', 1, 0, '2021'),
(167, 'Rose', 'Basch', '', '2021baschroseh@a2schools.org', 'vdt4136GJFEx', 'Student', NULL, NULL, NULL, '', 1, 0, '2021'),
(168, 'Mihika', 'Thakurta', '7342778269', '2021thakurtamihika@a2schools.org', 'downInk4', 'Student', NULL, NULL, NULL, '', 1, 0, '2021'),
(169, 'Tiyana', 'Sindone', '734-800-2611', '2021sindonetiyanar@a2schools.org', 'TiyanaSindone12', 'Student', NULL, NULL, NULL, '', 1, 0, '2021'),
(170, 'Peter', 'Stenger', '', '2021stengerpetera@a2school.org', 'retep2170', 'Student', NULL, NULL, NULL, '', 1, 0, '2021'),
(171, 'Veda', 'Srinivas', '', '2021srinivasveday@a2schools.org', 'sangeetham', 'Student', NULL, NULL, NULL, '', 1, 0, '2021'),
(172, 'Lena', 'Trang', '7348190100', '2021tranglena@a2schools.org', 'win1234', 'Student', NULL, NULL, NULL, '', 1, 0, '2021'),
(173, 'Akshay', 'Sivakumar', '7349997248', '2021sivakumarakshay@a2schols.org', 'ASK65FOB', 'Student', NULL, NULL, NULL, '', 1, 0, '2021'),
(174, 'Rohit', 'Mahesh', '773-399-9109', 'imrohitmahesh1@gmail.com', 'Sairam12!', 'Student', NULL, NULL, NULL, '', 1, 0, '2021'),
(175, 'Yaha', 'Ahmed', '7344872040', 'msohailahmed@yahoo.com', 'yaseen12', 'Student', '', NULL, NULL, '', 1, 0, '2021'),
(176, 'Student', 'Ahmed', '1111112222', 'student1@yahoo1.com', '123', 'Student', NULL, NULL, NULL, '', 1, 0, '2021'),
(177, 'Kathryn', 'Meader', '(734)709-9417', '2021meaderkathryna@a2schools.org', 'K@tezoe.com', 'Student', NULL, NULL, NULL, '', 1, 0, '2021'),
(178, 'Andres', 'Marquez-Collins', '7346351840', 'thesteampunkwaffle@gmail.com', 'Andres817', 'Student', NULL, NULL, NULL, '', 1, 0, '2021'),
(179, 'Aidan', 'Edwards', '7342777594', '2022edwardsaidans@aaps.k12.mi.us', 'Aid@n0424', 'Student', NULL, NULL, NULL, '', 1, 0, '2021'),
(180, 'Adam', 'VanderMolen', '(734) 787 7359', 'vandermolenadam@gmail.com', 'Cookie007', 'Student', NULL, NULL, NULL, '', 1, 0, '2021'),
(181, 'Sasha ', 'Lee', '', 'sasha.aa088@gmail.com', '2022sasha', 'Student', NULL, NULL, NULL, '', 1, 0, '2021'),
(182, 'Christopher', 'Johnston', '', '2021johnstonchristopherw@a2schools.org', '1nv3nt2021', 'Student', NULL, NULL, NULL, '', 1, 0, '2021'),
(183, 'Sahasra Lakshya', 'Paruchuri', '2489741701', 'dbobba@gmail.com', 'sahasra4', 'Student', NULL, NULL, NULL, '', 1, 0, '2021'),
(184, 'Khalid', 'Al-zawawi', '3133759099', 'khalid.zawawi@mia-aa.org', 'hammerkhaloodi', 'Student', '', NULL, NULL, '', 1, 0, '2021'),
(185, 'Naam', 'Ahmed', '', 'naam@yahoo1.com', '123', 'Student', NULL, NULL, NULL, '', 1, 0, '2021'),
(186, 'bibi', 'Ahm', '', 'bibi@yahoo1.com', '123', 'Student', NULL, NULL, NULL, '', 1, 0, '2021'),
(187, 'Ian', 'Steele', '7347075565', '2021steeleiand@aaps.k12.mi.us', 'vtCxhf7c9gQghA9', 'Student', NULL, NULL, NULL, '', 1, 0, '2021'),
(189, 'Praseeda', 'Munnagi', '7348820206', 'preethic931@yahoo.com', '123', 'Student', NULL, NULL, NULL, '', 1, 0, '2021'),
(190, 'Zach', 'Pryor', '7348829077', '2021pryorzacharye@aaps.k12.mi.us', 'cooper2002', 'Student', NULL, NULL, NULL, '', 0, 0, '2021'),
(191, 'John', 'Oginsky', '', '2021oginskyjohnt@aaps.k12.mi.us', 'just23NineHBD', 'Student', NULL, NULL, NULL, '', 0, 0, '2021'),
(192, 'Zach', 'Pryor', '7348829077', '2021pryorzacharye@a2schools.org', 'cooper2003', 'Student', NULL, NULL, NULL, '', 1, 0, '2021'),
(193, 'Ryan', 'Garrett', '', '2021garrettryana@a2schools.org', 'Hockey78!', 'Student', NULL, NULL, NULL, '', 1, 0, '2021'),
(194, 'tim', 'clatterbuck', '', '2021clatterbucktimothyd@aaps.k12.mi.us', 'Timbo0817', 'Student', NULL, NULL, NULL, '', 1, 0, '2021'),
(195, 'William', 'Campbell', '2314993848', 'campbellw@a2schools.org', 'Dorian1!', 'Mentor', NULL, NULL, NULL, '', 1, 0, '2021'),
(196, 'Owen', 'Sayer', '7346684038', '2021sayerowenb@a2schools.org', 'Staedtler2020', 'Student', NULL, NULL, NULL, '', 1, 0, '2021'),
(197, 'Lucas ', 'Reading Sunol', '7349254106', '2021readingsunollucass@a2schools.org', '1320@Big!nicE', 'Student', NULL, NULL, NULL, '', 1, 0, '2021'),
(198, 'Paul', 'Tistle', '7348464934', 'paultistle@gmail.com', 'Imrduck9', 'Student', NULL, NULL, NULL, '', 1, 0, '2021'),
(199, 'Victor', 'Bian', '', 'bianvictors@a2schools.org', '03012003', 'Student', NULL, NULL, NULL, '', 1, 0, '2021'),
(200, 'Ellie', 'Witten', '7348837037', '2021wittenelianar@aaps.k12.mi.us', 'shed59KingOIC', 'Student', NULL, NULL, NULL, '', 1, 0, '2021'),
(201, 'Kyle', 'Rodriguez', '', '2021rodriguezkylee@a2schools.org', 'kirby2001', 'Student', NULL, NULL, NULL, '', 1, 0, '2021'),
(202, 'Ian', 'Steele', '7347075565', '2021steeleiand@a2schools.org', '8WVPejCyVmEvX9Y', 'Student', NULL, NULL, NULL, '', 1, 0, '2021'),
(203, 'Aidan', 'Majorprice', '', '2021majorpriceaidane@a2schools.org', 'late72BackTBD', 'Student', NULL, NULL, NULL, '', 1, 0, '2021'),
(204, 'Paul', 'Tistle', '7348464934', '2021paultistle@a2schools.org', 'Imrduck9', 'Student', NULL, NULL, NULL, '', 1, 0, '2021'),
(205, 'tim', 'clatterbuck', '', '2021clatterbucktimothyd@A2schools.org', 'Timbo0817', 'Student', NULL, NULL, NULL, '', 1, 0, '2021'),
(206, 'Dimash', 'Umirbayev', '', '2021umirbayevdimash@a2schools.org', 'bigProjekt69', 'Student', NULL, NULL, NULL, '', 1, 0, '2021'),
(207, 'Mehmed', 'Uludag', '7343638003', '2021uludagmehmedk@a2schools.org', 'KARAtas1311', 'Student', NULL, NULL, NULL, '', 1, 0, '2021'),
(208, 'Mohammad ', 'Jaber', '7347175970', 'aaafahed@yahoo.com', 'raeda123', 'Student', NULL, NULL, NULL, '', 1, 0, '2021'),
(209, 'Leo', 'Greco', '7343951132', 'lagreco29@gmail.com', 'Bubbzie1', 'Student', NULL, NULL, NULL, '', 1, 0, '2021'),
(210, 'Victor', 'Bian', '', '2021bianvictors@a2schools.org', '03012003', 'Student', NULL, NULL, NULL, '', 1, 0, '2021'),
(211, 'Zoe', 'Solomon', '7347806828', '2021solomonzoea@aaps.k12.mi.us', 'Briar1Rose!', 'Student', NULL, NULL, NULL, '', 1, 0, '2021'),
(212, 'Andre', 'Nguyen', '7347308847', '2021nguyenandre@aaps.k12.mi.us', 'King0103', 'Student', NULL, NULL, NULL, '', 1, 0, '2021'),
(213, 'Roman', 'Quesada', '7345480522', '2021quesadaromanj@aaps.k12.mi.us', 'Namor234', 'Student', NULL, NULL, NULL, '', 1, 0, '2021'),
(214, 'Jelani', 'Hamilton', '1 734 548 2866', '2021hamiltonjelania@a2schools.org', 'cold99IronBRB', 'Student', NULL, NULL, NULL, '', 1, 0, '2021'),
(215, 'Akshay', 'Sivakumar', '7349997248', 'akshaysivakumar65@gmail.com', 'ASK65FOB', 'Student', NULL, NULL, NULL, '', 1, 1, '2021'),
(216, 'Akshay', 'Sivakumar', '7349997248', '2021sivakumarakshay@a2schools.org', '69BPaJFkKgWz8qS', 'Student', NULL, NULL, NULL, '', 1, 1, '2021'),
(217, 'Daniel', 'Katanski', '734-474-3045', 'dan@provide.net', 'Dan15264789@', 'Mentor', NULL, NULL, NULL, '', 0, 0, '2021'),
(218, 'Modeste', 'Niragire', '', 'mniragir@emich.edu', 'nmodeste@12', 'Judge', '', '', 'Judging', '', 1, 0, '2021'),
(219, 'Susan', 'Miller', '', 'smill108@emich.edu', 'msusan@1', 'Judge', 'Student', 'Y', 'Judging', '', 1, 0, '2021'),
(220, 'Andrew', 'Monticello', '', 'amontice@emich.edu', 'mandrew@1', 'Judge', 'Student', 'Y', 'Judging', '', 1, 0, '2021'),
(221, 'Michael', 'Armock', '', 'marmock@emich.edu', '12345', 'Judge', 'Student', 'Y', 'Judging', '', 1, 0, '2021'),
(222, 'Raouf', 'Abbas', '', 'rabbas@emich.edu', 'rabbas@1', 'Judge', 'Student', 'Y', 'Judging', '', 1, 0, '2021'),
(223, 'Emma', 'Barnes', '', 'ebarne11@emich.edu', 'ebarnes@1', 'Judge', 'Student', 'Y', 'Judging', '', 1, 0, '2021'),
(224, 'Courtney', 'Dunbar', '', 'cdunbar2@emich.edu', 'cdunbar@1', 'Judge', 'Student', 'Y', 'Judging', '', 1, 0, '2021'),
(225, 'Heidi', 'Daugherty', '', 'hdaughe2@emich.edu', 'hDaugherty@1', 'Judge', 'Student', 'Y', 'Judging', '', 1, 0, '2021'),
(226, 'Marie', 'Jaster', '', 'mjaster@emich.edu', 'mjaster@1', 'Judge', 'Student', 'Y', 'Judging', '', 1, 0, '2021'),
(227, 'Kelsey', 'McFarland', '', 'kmotolig@emich.edu', 'kmcfarland@1', 'Judge', 'Student', 'Y', 'Judging', '', 1, 0, '2021'),
(228, 'Marissa', 'Moore', '', 'mmoore99@emich.edu', 'mmoore@1', 'Judge', 'Student', 'Y', 'Judging', '', 1, 0, '2021'),
(229, 'Chinedu Terry-Daniel', 'Ifemeje', '', 'cifemeje@emich.edu', 'cifemeje@1', 'Judge', 'Student', 'Y', 'Judging', '', 1, 0, '2021'),
(230, 'Mohamad', 'Qatu', '', 'mqatu@emich.edu', 'mqatu@1', 'Judge', 'Faculty', 'Y', 'Judging', '', 1, 0, '2021'),
(231, 'Amy', 'Johnson', '', 'ajohns82@emich.edu', 'ajohns82@1', 'Judge', '', '', 'Judging', '', 1, 0, '2021'),
(232, 'Benedict', 'Ilozor', '', 'bilozor@emich.edu', 'bilozor@1', 'Judge', 'Faculty', 'Y', 'Judging', '', 1, 0, '2021'),
(233, 'Dan', '', '', 'dan@provide.net', 'dan@1', 'Judge', 'Professional/Engineers', 'Y', 'Judging', '', 1, 0, '2021'),
(234, 'Anwar', '', '', 'syedanwarzaidi@hotmail.com', 'syedanwarzaidi@1', 'Judge', 'Professional/Engineers', 'Y', 'Judging', '', 1, 0, '2021'),
(235, 'Dan S', 'ypsi', '', 'dschunck3@ycschools.us', 'dschunck3v@1', 'Judge', 'Faculty', 'Y', 'Judging', '', 1, 0, '2021'),
(236, 'Sufian', 'Qrunfleh', '', 'sqrunfle@emich.edu', 'sqrunfle@1', 'Judge', 'Faculty', 'Y', 'Judging', '', 1, 0, '2021'),
(237, 'Suleyman', 'Abdirahman', NULL, 'sabdirah@emich.edu', 'sabdirah@1', 'Judge', 'Student', 'Y', 'Judging', '', 1, 0, '2021'),
(239, 'Daniel', 'Schunck', '734-219-3686', 'dschunck3@ycschools.us', '123', 'Mentor', NULL, NULL, NULL, NULL, 1, 0, '2021'),
(240, 'Kristoph C', 'Lopata', '', 'kclopata@umich.edu', '123', 'Mentor', NULL, NULL, NULL, NULL, 1, 0, '2021'),
(241, 'Tay', 'Davis', '', 'taylor11davis@gmail.com', '123', 'Mentor', NULL, NULL, NULL, NULL, 1, 0, '2021'),
(242, 'Seth', 'Palmer', '', 'sethpalmer1111@gmail.com', '123', 'Mentor', NULL, NULL, NULL, NULL, 1, 0, '2021'),
(243, 'Brett', 'Braun', '', 'bbraun5@emich.edu', '123', 'Mentor', NULL, NULL, NULL, NULL, 1, 0, '2021'),
(244, 'Molly', 'Hempsey', '', 'mhampsey@emich.edu', '123', 'Mentor', NULL, NULL, NULL, NULL, 1, 0, '2021'),
(245, 'Shan', 'Ul Haq', '12487033544', 'mahmed6@emich.edu', '123', 'Judge', NULL, NULL, NULL, NULL, 1, 0, '2021'),
(246, 'AlfonsoAbetaNU', 'AlfonsoAbetaNU', '81663441944', 'aleksandra.626@mail.com', 'yKf!got557Q', 'General User', NULL, NULL, NULL, '', 0, 0, '2021'),
(247, 'Syed', 'Umaid Ahmed', '', 'syedumaidahmed96@gmail.com', '12345678', 'Student', NULL, NULL, NULL, '', 0, 0, '2021'),
(249, 'Preethi', 'Chunduri', '7348820206', 'preethi.chunduri@gmail.com', '123', 'Student', NULL, NULL, NULL, '', 0, 0, '2021'),
(796, 'Arsheen', 'Jawaid', '03323128624', 'arsheenjawaid2@gmail.com', 'Taha0004', 'Mentor', NULL, NULL, NULL, '', 0, 0, '2022');

-- --------------------------------------------------------

--
-- Table structure for table `tt`
--

DROP TABLE IF EXISTS `tt`;
CREATE TABLE `tt` (
  `project_team_name` varchar(100) CHARACTER SET utf8mb4 DEFAULT NULL,
  `project_description` longtext CHARACTER SET utf8mb4 DEFAULT NULL,
  `power_supply` char(1) CHARACTER SET utf8mb4 DEFAULT NULL,
  `category` varchar(1000) CHARACTER SET utf8mb4 NOT NULL,
  `log_book` varchar(1000) CHARACTER SET utf8mb4 DEFAULT NULL,
  `video_pitch` varchar(1000) CHARACTER SET utf8mb4 DEFAULT NULL,
  `student_name` mediumtext CHARACTER SET utf8mb4 DEFAULT NULL,
  `student_grade` mediumtext CHARACTER SET utf8mb4 DEFAULT NULL,
  `student_school_name` mediumtext CHARACTER SET utf8mb4 DEFAULT NULL,
  `student_school_district` mediumtext CHARACTER SET utf8mb4 DEFAULT NULL,
  `student_school_county` mediumtext CHARACTER SET utf8mb4 DEFAULT NULL,
  `t_shirt_size` mediumtext CHARACTER SET utf8mb4 DEFAULT NULL,
  `mentor_first_name` varchar(100) CHARACTER SET utf8mb4 DEFAULT NULL,
  `mentor_last_name` varchar(100) CHARACTER SET utf8mb4 DEFAULT NULL,
  `mentor_email` varchar(100) CHARACTER SET utf8mb4 DEFAULT NULL
) ENGINE=InnoDB DEFAULT CHARSET=utf8;

--
-- Dumping data for table `tt`
--

INSERT INTO `tt` (`project_team_name`, `project_description`, `power_supply`, `category`, `log_book`, `video_pitch`, `student_name`, `student_grade`, `student_school_name`, `student_school_district`, `student_school_county`, `t_shirt_size`, `mentor_first_name`, `mentor_last_name`, `mentor_email`) VALUES
('Recycled Truss Reinforced Road', 'Using Recyclable plastics as part of road construction', 'N', '9-12', 'test_upload/Teodoru:Williams.pdf', 'https://www.youtube.com/watch?v=pfb-gWLmZxI', 'Gabriella Williams,Gabi Teodoru', '12,12', 'Livonia Public Schools,Livonia Public Schools', 'Livonia Public Schools,Livonia Public Schools', 'Wayne,Wayne', 'Small,M', 'Tom', 'Pachera\r', 'pachera@aaps.k12.mi.us'),
('Phsyics simulator', 'How computers can help teach physics concepts.', 'Y', '9-12', 'test_upload/Gankin:Park.pdf', 'https://www.youtube.com/watch?v=_PKrHbgpuZM', 'Aaron Gankin,Jonathan Park', '12,12', 'Livonia Public Schools,Livonia Public Schools', 'Livonia Public Schools,Livonia Public Schools', 'Wayne,Wayne', 'M,XL', 'Tom', 'Pachera\r', 'pachera@aaps.k12.mi.us'),
('Low-Cost, 3D Printed Hand', 'Design and Build for a 3D Printer', 'N', '9-12', 'test_upload/Bradshaw:Asad.pdf', 'https://youtu.be/7LHvxti1xJ8', 'Hashim Asad,Parker Bradshaw', '12,12', 'Livonia Public Schools,Livonia Public Schools', 'Livonia Public Schools,Livonia Public Schools', 'Wayne,Wayne', 'Small,M', 'Tom', 'Pachera\r', 'pachera@aaps.k12.mi.us'),
('Foldable Mobility Walker (FEET)', 'Creating a walker that is highly portable.', 'N', '9-12', 'test_upload/Rupp:Mendoza.pdf', 'https://www.youtube.com/watch?v=8jxhgxgYkfQ', 'Anthony Mendoza,Matt Rupp', '12,12', 'Livonia Public Schools,Livonia Public Schools', 'Livonia Public Schools,Livonia Public Schools', 'Wayne,Wayne', 'M,L', 'Tom', 'Pachera\r', 'pachera@aaps.k12.mi.us'),
('Recycled Plastic Textile (RePlasto)', 'Creating textiles from recyclable materials', 'N', '9-12', 'test_upload/RePlasto IC project.pdf', ' https://youtu.be/6JUlqHDij7w ', 'Dara Geva,Alaina Heetderks', '12,12', 'Livonia Public Schools,Livonia Public Schools', 'Livonia Public Schools,Livonia Public Schools', 'Wayne,Wayne', 'M,M', 'Charlie', 'Centivany\r', 'centivanyc@aaps.k12.mi.us'),
('App Connected Voltage Divider', 'Control your electrical signals remotely.', 'Y', '9-12', NULL, 'https://youtu.be/iFVjLhxtZBg', 'Wesley Barron', '12', 'Livonia Public Schools', 'Livonia Public Schools', 'Wayne', 'Small', 'Charlie', 'Centivany\r', 'centivanyc@aaps.k12.mi.us'),
('Detachable Sole Running Shoe', 'Design and Test a running shoe with a removable sole', 'N', '9-12', 'test_upload/Evans:Hyde.pdf', 'https://www.youtube.com/watch?v=Ia_IYFZTCFU', 'Daniel Evans,Stevie Hyde', '12,12', 'Livonia Public Schools,Livonia Public Schools', 'Livonia Public Schools,Livonia Public Schools', 'Wayne,Wayne', 'L,M', 'Charlie', 'Centivany\r', 'centivanyc@aaps.k12.mi.us'),
('The Weigh Can', NULL, 'Y', '9-12', 'test_upload/Wang:ShiomiJensen.pdf', 'https://www.youtube.com/watch?v=33y1251nxJk', 'Oliver Wang,Oskar Shiomi Jensen', '12,12', 'Livonia Public Schools,Livonia Public Schools', 'Livonia Public Schools,Livonia Public Schools', 'Wayne,Wayne', 'M,L', 'Charlie', 'Centivany\r', 'centivanyc@aaps.k12.mi.us'),
('Fast Braille Design', 'Students create a method for creating braille signage using rapid prototyping equipment', 'N', '9-12', 'test_upload/Kirchmeier:Leal:Zhang.pdf', 'https://www.youtube.com/watch?v=mSGI5ySHuV4', 'Emma Kirchmeier,Wendi Zhang,Susana Leal', '12,12,12', 'Livonia Public Schools,Livonia Public Schools,Livonia Public Schools', 'Livonia Public Schools,Livonia Public Schools,Livonia Public Schools', 'Wayne,Wayne,Wayne', 'M,M,M', 'Charlie', 'Centivany\r', 'centivanyc@aaps.k12.mi.us'),
('Saftey Shade', 'A safety tool for schools and offices to deter would be assailiants from causing harm.', 'N', '9-12', 'test_upload/Villalobos:Linville.pdf', 'https://youtu.be/vzmULbUfuVM', 'Brandon Linville,Freddy Villalobos', '12,12', 'Livonia Public Schools,Livonia Public Schools', 'Livonia Public Schools,Livonia Public Schools', 'Wayne,Wayne', 'M,M', 'Bill', 'Campbell', 'campbellw@aaps.k12.mi.us'),
('Record Player: Reused Electronics', 'A DiY Guide to recycling electrical components in a fun and exciting way', 'Y', '9-12', 'test_upload/hathaway:Darragh.pdf', 'https://youtu.be/j6Evd1aesY0', 'Iman Hathaway,Isaac Darragh', '12,12', 'Livonia Public Schools,Livonia Public Schools', 'Livonia Public Schools,Livonia Public Schools', 'Wayne,Wayne', 'M,M', 'Bill', 'Campbell', 'campbellw@aaps.k12.mi.us'),
('Biofuel Jet Engine', 'Student exploration into constructing a jet engine which runs on biofuel', 'N', '9-12', 'test_upload/Eizadkhah:Sharma.pdf', 'https://youtu.be/RZloW-sAWqg', 'Bobak Eizadkhah,Ananya Sharma', '12,12', 'Livonia Public Schools,Livonia Public Schools', 'Livonia Public Schools,Livonia Public Schools', 'Wayne,Wayne', 'Small,Small', 'Bill', 'Campbell', 'campbellw@aaps.k12.mi.us'),
('Bike Prototype', 'Covered bike', 'N', '9-12', 'test_upload/IC notebook.pdf', 'https://www.youtube.com/watch?v=VzOKuR7R-uc', 'Shane Edson', '12', 'Livonia Public Schools', 'Livonia Public Schools', 'Wayne', 'XL', 'Bill', 'Campbell', 'campbellw@aaps.k12.mi.us'),
('Plant H2O Sitter', 'Automatic plant watering system that has mulitiple plant species settings', 'Y', '9-12', NULL, NULL, 'Langston Kitchen', '9', 'Livonia Public Schools', 'Livonia Public Schools', 'Wayne', 'Small', 'Bill', 'Campbell', 'campbellw@aaps.k12.mi.us'),
('Solar Charger', 'Solar Charger with battery backup with USB port', 'Y', '6-8', NULL, NULL, 'Kendall Clavier,Sanna Sippola,Olivia Scherer,Charlena Jackson', '8,8,8,8', 'Livonia Public Schools,Livonia Public Schools,Livonia Public Schools,Livonia Public Schools', 'Livonia Public Schools,Livonia Public Schools,Livonia Public Schools,Livonia Public Schools', 'Wayne,Wayne,Wayne,Wayne', 'M,Small,Small,M', 'Bill', 'Campbell', 'campbellw@aaps.k12.mi.us'),
('Life Guard', 'Phone APP to contact emergency services', 'Y', '6-8', NULL, NULL, 'Sahara Senevirantne,Ava Debenedet,Sophia Marrs,Allieson Mayer', '8,8,8,8', 'Livonia Public Schools,Livonia Public Schools,Livonia Public Schools,Livonia Public Schools', 'Livonia Public Schools,Livonia Public Schools,Livonia Public Schools,Livonia Public Schools', 'Wayne,Wayne,Wayne,Wayne', 'Small,Small,Small,Small', 'Bill', 'Campbell', 'campbellw@aaps.k12.mi.us'),
('Trash Boat', 'Remote control boat to pick up trash in waterways', 'Y', '6-8', NULL, NULL, 'Josh Hepworth', '8', 'Livonia Public Schools', 'Livonia Public Schools', 'Wayne', 'L', 'Bill', 'Campbell', 'campbellw@aaps.k12.mi.us'),
('Methane Detector', 'Greenhouse gas detector', 'Y', '6-8', NULL, NULL, 'Maya Kama,Michal Kama,Syver Bowles', '8,8,8', 'Livonia Public Schools,Livonia Public Schools,Livonia Public Schools', 'Livonia Public Schools,Livonia Public Schools,Livonia Public Schools', 'Wayne,Wayne,Wayne', 'Small,Small,M', 'Bill', 'Campbell', 'campbellw@aaps.k12.mi.us'),
('Grip Rings', 'Grip rings are rubber rings that create a customizable grip on a drumstick to combat the effects of rain and sweat which diminish one\'s ability to control the drumstick.', 'N', '9-12', 'test_upload/Team Drum.pdf', 'https://youtu.be/xPDI6rpD4Cg\r\n', 'Katherine Ellis,Ben Kessler', '11,12', 'Livonia Public Schools,Livonia Public Schools', 'Livonia Public Schools,Livonia Public Schools', 'Wayne,Wayne', 'XL,M', 'Marty\r', 'Moreno\r', 'morenom@aaps.k12.mi.us'),
('Multipurpose Side Runner', 'A product that can be used as both a side runner for a truck/SUV and a storage container for large items.', 'N', '9-12', 'test_upload/Team Auto.pdf', 'https://youtu.be/YWSaLLm_eMQ\r\n', 'Ben Egelhof,Anna Kaganov,Bobby Feng,McDonough Dan', '12,10,11,10', 'Livonia Public Schools,Livonia Public Schools,Livonia Public Schools,Livonia Public Schools', 'Livonia Public Schools,Livonia Public Schools,Livonia Public Schools,Livonia Public Schools', 'Wayne,Wayne,Wayne,Wayne', 'M,Small,M,M', 'Marty\r', 'Moreno\r', 'morenom@aaps.k12.mi.us'),
('Collapse-o-Can', 'A collapsable outdoor garbage receptacle paired with a vertical, fan powered garbage chute that will elimanate excess garbage in urban areas.', 'N', '9-12', 'test_upload/Team Trash.pdf', 'https://www.youtube.com/channel/UCv2RJFL8Cu4e4oLsT9k7BRQ\r\n', 'Zach Pryor,Anthony Gibbons,Aidan Lee,Darayus Daboo', '11,11,11,11', 'Livonia Public Schools,Livonia Public Schools,Livonia Public Schools,Livonia Public Schools', 'Livonia Public Schools,Livonia Public Schools,Livonia Public Schools,Livonia Public Schools', 'Wayne,Wayne,Wayne,Wayne', 'L,L,M,M', 'Marty\r', 'Moreno\r', 'morenom@aaps.k12.mi.us'),
('Sunny Side Up', 'A product that uses visual stimuli to wake a person using a more natural process than traditional alarm clocks.', 'Y', '9-12', 'test_upload/Team Bed.pdf', 'https://youtu.be/CKEBFJVkKHI\r\n', 'Riley Goniwicha,Nolan McPherson,Vasil Vassilev,Ben Barish', '12,10,10,12', 'Livonia Public Schools,Livonia Public Schools,Livonia Public Schools,Livonia Public Schools', 'Livonia Public Schools,Livonia Public Schools,Livonia Public Schools,Livonia Public Schools', 'Wayne,Wayne,Wayne,Wayne', 'Small,M,Small,M', 'Marty\r', 'Moreno\r', 'morenom@aaps.k12.mi.us'),
('Team Charger', 'A product that prevents iPhone charger cords from breaking at the base.', 'N', '9-12', 'test_upload/Team Cable.pdf', 'https://youtu.be/SmMGrXVItrE\r\n', 'Austin Jacobs,Derrick Scurlock,Jackson Hall', '12,12,12', 'Livonia Public Schools,Livonia Public Schools,Livonia Public Schools', 'Livonia Public Schools,Livonia Public Schools,Livonia Public Schools', 'Wayne,Wayne,Wayne', 'M,M,M', 'Marty\r', 'Moreno\r', 'morenom@aaps.k12.mi.us'),
('Prepa', 'An automatic cooking device', 'N', '9-12', 'test_upload/Log Book.pdf', 'https://www.youtube.com/watch?v=knBnx4OWf0k', 'Nick Kaipainen,Kenny Yue,Jacob Kelly', '12,12,12', 'Livonia Public Schools,Livonia Public Schools,Livonia Public Schools', 'Livonia Public Schools,Livonia Public Schools,Livonia Public Schools', 'Wayne,Wayne,Wayne', 'L,XL,M', 'Rob\r', 'Cupit\r', 'cupitr@aaps.k12.mi.us'),
('Leaf Me Alone', 'A mulit tool that expedites lawn clean up', 'N', '9-12', 'test_upload/Copy of S2 Logbook.pdf', 'https://www.youtube.com/watch?v=E7aE9odXJv4', 'Ben Zhao,Ben Zhang,Young Seo Lee', '12,12,12', 'Livonia Public Schools,Livonia Public Schools,Livonia Public Schools', 'Livonia Public Schools,Livonia Public Schools,Livonia Public Schools', 'Wayne,Wayne,Wayne', 'L,Small,Small', 'Rob\r', 'Cupit\r', 'cupitr@aaps.k12.mi.us'),
('EcoRinse', 'A system that seeks to minimize water waste in showers', 'N', '9-12', 'test_upload/Liz Li S2 Log Book.pdf', 'https://www.youtube.com/watch?v=23bJyvpfkcE', 'Liz Li', '12', 'Livonia Public Schools', 'Livonia Public Schools', 'Wayne', 'Small', 'Rob\r', 'Cupit\r', 'cupitr@aaps.k12.mi.us'),
('Cardboard ATM', 'Recycles Cardboard for Currency', 'N', '9-12', 'test_upload/Logbook- Darryl P and Edmond H.pdf', 'https://www.youtube.com/watch?v=LlP7ZcLg5oo', 'Darryl Phillips,Ed Hashem', '12,12', 'Livonia Public Schools,Livonia Public Schools', 'Livonia Public Schools,Livonia Public Schools', 'Wayne,Wayne', 'M,M', 'Rob\r', 'Cupit\r', 'cupitr@aaps.k12.mi.us'),
('Magnet Power', 'A product that generates electricity with Magnents', 'N', '9-12', 'test_upload/Copy of  Log BookS2 -.pdf', 'https://www.youtube.com/watch?v=UVMIrHE8VEA', 'Allison Baker,Madison Bowers', '12,12', 'Livonia Public Schools,Livonia Public Schools', 'Livonia Public Schools,Livonia Public Schools', 'Wayne,Wayne', 'Small,Small', 'Rob\r', 'Cupit\r', 'cupitr@aaps.k12.mi.us'),
('RTCA', 'Retractable Table Cover Attachment', 'N', '9-12', 'test_upload/Log Book .pdf', 'https://www.youtube.com/watch?v=hOWiRs7nwPM', 'Ryan Schulte,Kadin Sims', '12,12', 'Livonia Public Schools,Livonia Public Schools', 'Livonia Public Schools,Livonia Public Schools', 'Wayne,Wayne', 'XL,L', 'Rob\r', 'Cupit\r', 'cupitr@aaps.k12.mi.us'),
('RID', 'Respritory Illness Diagnosis Machine', 'N', '9-12', 'test_upload/Logbook.pdf', 'https://www.youtube.com/watch?v=czjaR8jcrJc', 'Rishi Hoskeri', '12', 'Livonia Public Schools', 'Livonia Public Schools', 'Wayne', 'M', 'Rob\r', 'Cupit\r', 'cupitr@aaps.k12.mi.us'),
('AstroTrack', 'An approach to detect, recover, and characterize minor planets', 'N', '9-12', 'test_upload/Logbook Invention Convention 2020 Anirudh Cowlagi.pdf', 'https://www.youtube.com/watch?v=_KMu5nGw0Cw', 'Ani Cowlagi', '12', 'Livonia Public Schools', 'Livonia Public Schools', 'Wayne', 'M', 'Rob\r', 'Cupit\r', 'cupitr@aaps.k12.mi.us'),
('UrbaGrow', 'Modular Urban Growing House', 'N', '9-12', 'test_upload/Logbook (1).pdf', 'https://www.youtube.com/watch?v=ESQK3_9GvUI', 'Joey Ryan,Zolan Baptista', '12,12', 'Livonia Public Schools,Livonia Public Schools', 'Livonia Public Schools,Livonia Public Schools', 'Wayne,Wayne', 'Small,L', 'Rob\r', 'Cupit\r', 'cupitr@aaps.k12.mi.us'),
('The Dumper Helper', 'Dumps objects/material from the bed of a truck', 'N', '9-12', 'test_upload/Log Book (1).pdf', 'https://www.youtube.com/watch?v=mPhC7GJeblI', 'Noah Steele,Luke Carlson', '12,12', 'Livonia Public Schools,Livonia Public Schools', 'Livonia Public Schools,Livonia Public Schools', 'Wayne,Wayne', 'M,M', 'Rob\r', 'Cupit\r', 'cupitr@aaps.k12.mi.us'),
('Doggy Door', 'Device that helps busy pet owners', 'N', '9-12', 'test_upload/Log Book (2).pdf', 'https://www.youtube.com/watch?v=YtZsQFrHguc', 'Scott Knudsen,Max Brodkey,Patrick Tibbetts', '12,12,12', 'Livonia Public Schools,Livonia Public Schools,Livonia Public Schools', 'Livonia Public Schools,Livonia Public Schools,Livonia Public Schools', 'Wayne,Wayne,Wayne', 'L,L,XL', 'Rob\r', 'Cupit\r', 'cupitr@aaps.k12.mi.us'),
('Terratracer', 'A technique to track and characterize leaf coverage data', 'N', '9-12', 'test_upload/TerraTracer Logbook.pdf', 'https://www.youtube.com/watch?v=XBuu2GRdLEg', 'John Zou,Matt Kukucka', '12,12', 'Livonia Public Schools,Livonia Public Schools', 'Livonia Public Schools,Livonia Public Schools', 'Wayne,Wayne', 'M,M', 'Rob\r', 'Cupit\r', 'cupitr@aaps.k12.mi.us'),
('Solar Turtle', 'Smaller version of Portable Solar Panels', 'N', '9-12', 'test_upload/S2 Logbook (1).pdf', 'https://www.youtube.com/watch?v=leDNG578sF4', 'Xavier Shumsky,Jessica Li', '12,12', 'Livonia Public Schools,Livonia Public Schools', 'Livonia Public Schools,Livonia Public Schools', 'Wayne,Wayne', 'M,M', 'Rob\r', 'Cupit\r', 'cupitr@aaps.k12.mi.us'),
('Perceive the Puzzle', 'Portable EEG for autistic individuals', 'N', '9-12', 'test_upload/Perceive the Puzzle Logbook.pdf', 'https://www.youtube.com/watch?v=L4t8-fxyCQo&feature=youtu.be', 'Jadyn Smith,Siena Smith', '12,12', 'Livonia Public Schools,Livonia Public Schools', 'Livonia Public Schools,Livonia Public Schools', 'Wayne,Wayne', 'Small,Small', 'Rob\r', 'Cupit\r', 'cupitr@aaps.k12.mi.us'),
('Ink Remover', 'Removes Ink from Paper', 'N', '9-12', 'test_upload/Q3 Engineering Project Logbook - Sheet1.pdf', 'https://www.youtube.com/watch?v=sjgSmKvugqk', 'Trevor Ables,Chris Van Alstine', '12,12', 'Livonia Public Schools,Livonia Public Schools', 'Livonia Public Schools,Livonia Public Schools', 'Wayne,Wayne', 'M,L', 'Rob\r', 'Cupit\r', 'cupitr@aaps.k12.mi.us'),
('ProClothing', 'Protective Clothing', 'N', '9-12', 'test_upload/Log Book Project #3.pdf', 'https://www.youtube.com/watch?v=bbbKA0fTqBs', 'Joel Schueerholz', '12', 'Livonia Public Schools', 'Livonia Public Schools', 'Wayne', 'L', 'Rob\r', 'Cupit\r', 'cupitr@aaps.k12.mi.us'),
('Universal Guitar Case', 'Universal Guitar Case for Multiple Guitars', 'N', '9-12', NULL, 'https://www.youtube.com/watch?v=HeLdOMCay0s', 'Tiago Nunes', '12', 'Livonia Public Schools', 'Livonia Public Schools', 'Wayne', 'L', 'Rob\r', 'Cupit\r', 'cupitr@aaps.k12.mi.us'),
('Water Fountain Filter', 'Design a modular water filter for use in drinking fountains', 'N', '9-12', 'test_upload/Sara and Gemma.pdf', 'https://youtu.be/zEXenLQX9PM', 'Gemma Poulsen,Sara Soluk', '12,12', 'Livonia Public Schools,Livonia Public Schools', 'Livonia Public Schools,Livonia Public Schools', 'Wayne,Wayne', 'M,Small', 'Charlie', 'Centivany\r', 'centivanyc@aaps.k12.mi.us'),
('Water Purifier', 'Students develop a device for purifying unpotable water', 'N', '9-12', 'test_upload/Nicollette Knott - LogBook Submission.pdf', 'https://www.youtube.com/watch?v=MRsNnT_1Zl4', 'Dante Circola,Nicolette Knott', '12,12', 'Livonia Public Schools,Livonia Public Schools', 'Livonia Public Schools,Livonia Public Schools', 'Wayne,Wayne', 'M,L', 'Charlie', 'Centivany\r', 'centivanyc@aaps.k12.mi.us'),
('Quick Clasp Shoe', 'An innovative shoe design, where the user snaps the shoe onto the foot', 'N', '9-12', 'test_upload/Gavin LaHousse and Nolan Force - Logbook Submission.pdf', 'https://www.youtube.com/watch?v=vj1pmUtxTWE', 'Nolan Force,Gavin LaHousse', '12,12', 'Livonia Public Schools,Livonia Public Schools', 'Livonia Public Schools,Livonia Public Schools', 'Wayne,Wayne', 'M,L', 'Charlie', 'Centivany\r', 'centivanyc@aaps.k12.mi.us'),
('TBA', 'TBA', 'N', '', NULL, NULL, ' ', '', 'Livonia Public Schools', 'Livonia Public Schools', 'Wayne', '', 'Bill\r', 'VanLoo\r', 'vanloo@aaps.k12.mi.us'),
('Kid Kutter', 'Our prototype is a child-safe knife. It allows children to be safe when handling sharp objects.', 'N', 'K-2', NULL, NULL, 'Yahya Nasser', 'K', 'Livonia Public Schools', 'Livonia Public Schools', 'Wayne', 'Youth Medium\r\n', 'Amy', 'Johnson', 'ajohns82@emich.edu'),
('Soft Speak', 'Device will monitor the level of sound of the user.', 'N', '3-5', NULL, NULL, 'Praseeda Munnagi,Sahasra Paruchuri', '2,4', 'Burns Park Elementary,Burns Park Elementary', 'Ann Arbor Public Schools,Ann Arbor Public schools', 'Washtenaw,Washtenaw', 'Child Small,Child Medium', 'Steve', 'Rohde', 'rohdesteve@gmail.com'),
('Motor Shoe', 'A conveyor belted shoe that doesn\'t need training to use (like heelys but stable). ', 'N', '6-8', NULL, 'test_upload/WhatsApp Video 2020-02-22 at 1.32.27 PM.mp4', 'Alice  Jiang', '7', 'Saline Middle School', 'Saline', 'Washtenaw', 'Adult Small', 'Steve', 'Rohde', 'rohdesteve@gmail.com'),
('Rennervate: Instant Fatigue Reducer', 'A device that removes fatigue instantly without any harmful side effects.', 'N', '6-8', NULL, NULL, 'Suhani Dalela', '8', 'Saline Middle School', 'Saline', 'Washtenaw', 'Adult Medium', 'Steve', 'Rohde', 'rohdesteve@gmail.com'),
('Iot uses for daily needs ', 'How can technology be used to solve everyday problems in the household. ', 'Y', '6-8', 'test_upload/emuinvent_logbookTanayPanja.docx', NULL, 'Tanay  Panja ', '6', 'Clague middle school ', 'Ann Arbor public school, Michigan  ', 'Washtenaw', 'Medium youth \r\n', 'Priyanka ', 'Meharia ', 'meharia@gmail.com'),
('WIZEN', 'The project is about organizing wires behind any electronic devices like (play station, Computer)', 'N', '6-8', 'test_upload/EM Poster -20191- Final.pdf', 'test_upload/FHD0036.MOV', 'Asishram Tamalampudi', '7\r\n', 'Tappan Middle School', 'Ann Arbor Public School', 'Wastenaw', 'Youth-Medium\r\n', 'Satish', 'Munnagi', 'satish.munnagi@gmail.com'),
('Portable Notes', 'Habit making device in checking schedules for kids', 'N', '3-5', NULL, 'test_upload/jayani.mp4', 'Jayani Tavane shivakumar', '3', 'Kings Elementary school', 'Ann Arbor Public Schools', 'Washtenaw', 'Child-Small\r\n', 'Abhijeet', 'Hoshing', 'hoshing.abhijeet@gmail.com'),
('Rain Water Filter', 'The problem that my invention solves is rainwater is getting polluted and getting into our rivers.', 'N', '6-8', NULL, NULL, 'Hemanth Tavane Shivakumar', '6', 'Clague Middle School', 'Ann Arbor Public Schools', 'Washtenaw', 'Adult Small\r\n', 'Abhijeet', 'Hoshing', 'hoshing.abhijeet@gmail.com'),
('Kids Habit Developer for switching off light', 'Get kids in the habit of turning light off by novel soft toy w/loop rod is fixed on the switch lever', 'N', '3-5', 'https://www.emich.edu/cob/events/emuinvent/documents/emuinvent_logbook.pdf', NULL, 'Abhidha Hoshing,Sreeansh Kurane', '3\r\n,4', 'Burns Park Elementary School,Bentley elementary', 'Ann Arbor Public Schools ,Plymouth Canton public school', 'Washtenaw,Wayne', 'Child Large,L(10-12)', 'Shiri', 'Vivek', 'svivek@emich.edu'),
('Sports Cone Organizer', 'Device to collect and organize sports cones.', 'N', 'K-2', NULL, NULL, 'Liam Spencer', '2', 'Woodland Meadows', 'Saline', 'Washtenaw', 'Kids Medium', 'Shiri', 'Vivek', 'svivek@emich.edu'),
('Child Habit Developer', 'prototype helps kids to perform their routine actions in right way using build in PIR motion sensors', 'N', '3-5', NULL, NULL, 'Sreeansh Kurane,Abhida Hoshing', '4,3', 'Bentley Elementary School,Burns Park Elementary School', 'Plymouth Canton public school ,Ann Arbor Public Schools', 'Wayne,Washtenaw', 'L(10-12),L(10-12)', 'Shiri', 'Vivek', 'svivek@emich.edu');

-- --------------------------------------------------------

--
-- Table structure for table `ttf`
--

DROP TABLE IF EXISTS `ttf`;
CREATE TABLE `ttf` (
  `project_team_name` varchar(100) CHARACTER SET utf8mb4 DEFAULT NULL,
  `student_name` mediumtext CHARACTER SET utf8mb4 DEFAULT NULL,
  `mentor_name` varchar(201) CHARACTER SET utf8mb4 DEFAULT NULL,
  `email` varchar(100) CHARACTER SET utf8mb4 DEFAULT NULL,
  `category` varchar(1000) CHARACTER SET utf8mb4 NOT NULL,
  `grade` mediumtext CHARACTER SET utf8mb4 DEFAULT NULL
) ENGINE=InnoDB DEFAULT CHARSET=utf8;

--
-- Dumping data for table `ttf`
--

INSERT INTO `ttf` (`project_team_name`, `student_name`, `mentor_name`, `email`, `category`, `grade`) VALUES
('Recycled Truss Reinforced Road', 'Gabriella Williams,Gabi Teodoru', 'Tom Pachera\r', 'pachera@aaps.k12.mi.us', '9-12', '12,12'),
('Saftey Shade', 'Brandon Linville,Freddy Villalobos', 'Bill Campbell', 'campbellw@aaps.k12.mi.us', '9-12', '12,12'),
('Grip Rings', 'Katherine Ellis,Ben Kessler', 'Marty\r Moreno\r', 'morenom@aaps.k12.mi.us', '9-12', '11,12'),
('Sunny Side Up', 'Riley Goniwicha,Nolan McPherson,Vasil Vassilev,Ben Barish', 'Marty\r Moreno\r', 'morenom@aaps.k12.mi.us', '9-12', '12,10,10,12'),
('Team Charger', 'Austin Jacobs,Derrick Scurlock,Jackson Hall', 'Marty\r Moreno\r', 'morenom@aaps.k12.mi.us', '9-12', '12,12,12'),
('Prepa', 'Nick Kaipainen,Kenny Yue,Jacob Kelly', 'Rob\r Cupit\r', 'cupitr@aaps.k12.mi.us', '9-12', '12,12,12'),
('EcoRinse', 'Liz Li', 'Rob\r Cupit\r', 'cupitr@aaps.k12.mi.us', '9-12', '12'),
('Cardboard ATM', 'Darryl Phillips,Ed Hashem', 'Rob\r Cupit\r', 'cupitr@aaps.k12.mi.us', '9-12', '12,12'),
('RTCA', 'Ryan Schulte,Kadin Sims', 'Rob\r Cupit\r', 'cupitr@aaps.k12.mi.us', '9-12', '12,12'),
('RID', 'Rishi Hoskeri', 'Rob\r Cupit\r', 'cupitr@aaps.k12.mi.us', '9-12', '12'),
('AstroTrack', 'Ani Cowlagi', 'Rob\r Cupit\r', 'cupitr@aaps.k12.mi.us', '9-12', '12'),
('UrbaGrow', 'Joey Ryan,Zolan Baptista', 'Rob\r Cupit\r', 'cupitr@aaps.k12.mi.us', '9-12', '12,12'),
('The Dumper Helper', 'Noah Steele,Luke Carlson', 'Rob\r Cupit\r', 'cupitr@aaps.k12.mi.us', '9-12', '12,12'),
('Terratracer', 'John Zou,Matt Kukucka', 'Rob\r Cupit\r', 'cupitr@aaps.k12.mi.us', '9-12', '12,12'),
('Solar Turtle', 'Xavier Shumsky,Jessica Li', 'Rob\r Cupit\r', 'cupitr@aaps.k12.mi.us', '9-12', '12,12'),
('Perceive the Puzzle', 'Jadyn Smith,Siena Smith', 'Rob\r Cupit\r', 'cupitr@aaps.k12.mi.us', '9-12', '12,12'),
('Water Fountain Filter', 'Gemma Poulsen,Sara Soluk', 'Charlie Centivany\r', 'centivanyc@aaps.k12.mi.us', '9-12', '12,12'),
('Soft Speak', 'Praseeda Munnagi,Sahasra Paruchuri', 'Steve Rohde', 'rohdesteve@gmail.com', '3-5', '2,4'),
('Motor Shoe', 'Alice  Jiang', 'Steve Rohde', 'rohdesteve@gmail.com', '6-8', '7'),
('Rennervate: Instant Fatigue Reducer', 'Suhani Dalela', 'Steve Rohde', 'rohdesteve@gmail.com', '6-8', '8'),
('Rain Water Filter', 'Hemanth Tavane Shivakumar', 'Abhijeet Hoshing', 'hoshing.abhijeet@gmail.com', '6-8', '6'),
('Child Habit Developer', 'Sreeansh Kurane,Abhida Hoshing', 'Shiri Vivek', 'svivek@emich.edu', '3-5', '4,3');

-- --------------------------------------------------------

--
-- Table structure for table `ttq`
--

DROP TABLE IF EXISTS `ttq`;
CREATE TABLE `ttq` (
  `judge_name` varchar(201) CHARACTER SET utf8mb4 DEFAULT NULL,
  `question_asked` mediumtext CHARACTER SET utf8mb4 DEFAULT NULL,
  `project_team_name` varchar(100) CHARACTER SET utf8mb4 DEFAULT NULL
) ENGINE=InnoDB DEFAULT CHARSET=utf8;

--
-- Dumping data for table `ttq`
--

INSERT INTO `ttq` (`judge_name`, `question_asked`, `project_team_name`) VALUES
('Jessica Durance', 'Have you tested your product on leaves or a similar item? If so, did it work as intended? \r\nHow did the rake portion perform compared to other rakes? \r\n,							Is there any other company or person who already provides this service? \r\nHow does the printing device work? \r\nHave you tested the device and did it work as planned? \r\nDo you have a prototype of the printer/device?\r\nWhat research did you do to understand this problem and possible solutions? \r\n\r\n\r\n							,What are the key differences between your invention and other greenhouses? \r\nDid your invention change at all once completed and testing was complete? \r\nIs there a number of how many people may want to invest and buy your product? ,Once completed and tested did your product perform as expected and if not what did you change or adjust? \r\nWhat are the key differences between your product and other products on the market? ,*Logbook not available online, is it in person? \r\nWhat materials are you thinking of using besides foam? \r\nWhat are the key differences between your product and others on the market? \r\n\r\n\r\n\r\n\r\n', 'Leaf Me Alone'),
('Leah  Huyser', 'Who is your target audience?  \r\nWhat made you decide to come up with your invention? (It is a great idea!)\r\nWhat steps did you have to follow to make your invention? \r\nWhat modifications did your invention go through (if any)?,If you were to create your own brand and distribute them yourselves, would you? \r\nWhat is the main reason you are inventing this product? \r\nDo you think that you could expand your target audience?,Would you create your own material for the cover instead if there was a larger budget for the project? \r\nWhat modifications were made to your prototype (if any) or are there any that you would go back and make?\r\n,What plans would make in order to reduce the cost to make this for people in need? \r\nWould you allow doctors to recommend this product or have it to sell their patients? ,Who would the target audience be?  Is there a specific group of people/profession this would be used with? \r\nWhat steps did you use to create this idea? \r\nWhat steps did you take to create the prototype? \r\nHow would you make changes or is there something that you would change to your invention?', 'Record Player: Reused Electronics'),
('Bryan Whitlow', '							I really like this idea! Michigan needs all the help it can get when it comes to the quality of its roads. \r\n\r\nI think your pitch was well thought out and had a lot of good information.   \r\n\r\nWould the use of the truss in the road decrease the occurrence of the formation of potholes?							,							This is a really cool and interesting idea. I think this would be a very good way to reduce e-waste. \r\n\r\nHow would you market this to the public so that rather than viewing this as a hassle, they would view this as better than buying new?\r\n\r\nAs much as I really like your idea it was rather hard to hear what you were saying in your pitch. It isn\'t necessarily your fault, it was the loudness of the background noise. \r\n							,							I think this is a cool idea. I think a lot of people could benefit from this invention. \r\n\r\nAlthough I thought you had a good pitch there were some points where it was hard to hear what was being said. \r\n\r\nMaybe I missed it, but what is the visible stimulus? I understand it is the light, but does it slowly turn on or does it flash? \r\n\r\nIf the light flashes rather than just turns on, how would this impact someone with light-triggered medical conditions like epilepsy? 							,							This is a cool invention! I could see this being used often. \r\n\r\nI thought you had a good pitch but there were some parts that were difficult to understand. I think this could be fixed with a bit of practice. \r\n\r\nI like who this is being marketed to. My only question is what are you thinking the retail price is going to be? 							,							I think this is an amazing idea! I am very impressed with how thought out this invention is. 							', 'Recycled Truss Reinforced Road'),
('Rachel  Rhodes', 'I didn\'t see anywhere how these shoes would be charged/ran - solar powered, battery operated, charged? And how long would/should a charge last? \r\nI noticed in your logbook, you added the story about being stuck in traffic in Philadelphia, maybe adding that story to the video pitch could make it more relatable to the viewers who have most likely also been in that similar situation. \r\n,I noticed in the logbook it was stated that there are \"no problems\" and the invention \"works as planned\" could you think of any ways the invention may not work as planned, for example, over time could the wires get tangled and messy in the mesh bag? Or if there are really no problems, how does your product work against those odds? \r\nIs there anything other than a mesh bag you could use that could work better with sustainability? Like a reusable shopping bag or a recycled material bag? Something that could be recycled or safer to dispose of?\r\nYou make this very relatable to adults that use consoles, but is there any way you could make it relatable other than that? Maybe for older adults what could they use this product for? \r\nWould attaching this product to a desk harm the desk? And can it be easily attatched/detached? \r\nI really enjoyed how you compared your products to similar products, but how yours is different and adds the disadvantages of similar products. Adding this to your video pitch could be a good idea!,Not submitted ,Not submitted ', 'Motor Shoe'),
('Kaitlyn Kotcher', 'Comments:\r\n* Great job guys! Your logbook was very detailed and provided me with a lot of information about your whole invention process. I loved getting to see how you tested the cable and how you decided to update your product based on your data collected.\r\n* I marked you guys down on the originality because I have seen other products out there they try to stop this issue of the phone chargers breaking. But I only did 1 point down because I haven\'t seen it to this extent that you guys went by building a cube for the cable to run through.\r\n* I marked you guys down on your online pitch because you had 4 minutes to explain your product to me and only used up 45 seconds. Additionally, only one person spoke in your group, I would have really loved to see each member explain a little bit in your pitch.\r\n\r\nQuestions:\r\n* What new concepts did you develop about charging cables during this invention?\r\n* What was the most difficult part of your invention process?\r\n* What caught you by surprise as you tested each version?,Comments:\r\n\r\nGreat job guys!\r\nIt looks like you started working on your invention process in late January, which means you must have worked very hard up until now with your product.\r\nYour online pitch was very detailed and thorough which I found very helpful. You included a background in products that are already on the market and explained how yours would be different. \r\nI took off points for the identifying and understanding category because I was looking for ways you knew this was a problem other than what was apparent in your own lives. An example might include asking other co-workers from your summer job if they had the same struggles as both of you. But I did appreciate hearing your own experience and why you guys wanted to pursue this product.\r\nMy main concern is with your logbook. You both really explained what your invention process in the video, however, it is not documented enough in the logbook. I would have loved to see data with other people having this problem. Your research that you found regarding this problem/product. I also would have loved to see how you guys tested your product, how you knew it was successful or not. I did, however, really appreciate the photos you included of your invention. It helped me visualize what it looks like and how it would be used.\r\n\r\nQuestions:\r\n* In your video, you mentioned that there were some difficulties when you came to building the product. What were some of those difficulties? How did you make it to your final product?\r\n* In what ways did you test the success of your invention?\r\n* What caught you by surprise when you went through this process.,Comments:\r\n\r\n* Your logbook and video were very detailed and organized, I really enjoyed reading it and watching what you all had to say. Nice job! \r\n* I took some points off on the identifying and understanding category because I was looking for ways you investigated that this garbage situation was a problem in urban areas. I see that you listed off the problem areas, but I was really looking for concrete data for how you knew those problems. An example of this could have been going around apartment buildings and asking their opinions of the current trash system in place. \r\n* I also took some points off of your display board because I was looking for a tri-fold board specifically with your information displayed. It appears to be just a big poster board. I appreciate all of the typed information and pictures you provide on your board, which makes understanding your process much easier. \r\n\r\nQuestions:\r\n* What problems did you face during your invention process?\r\n* How did you come up with the price and longevity of the product/\r\n* What did you enjoy most about the invention process?,Comments:\r\n\r\n* Nice work guys! You have a great product that you were able to easily explain so well. I was very impressed.\r\n* As you can see, I had to take a handful of points away for many different reasons. There is no logbook or display board first and foremost. * Additionally, I took off points in the invention process category because I was looking for ways you guys went about your invention process. I was looking for drawings or explanations for your design ideas. I also was looking for how you two modified your product as you went along in the process. I was also looking for ways you knew it this was a problem in your own lives. I really appreciated the resources you cited at the beginning of your video, but I wanted to see concrete data from your own life. For example, asking friends how often they forget to turn off a light or unplug something.\r\n* I took off points for originality because I have seen many products on the market that try to reduce energy usage. But I appreciate the route you guys took it, by going through an app that an individual can manipulate.\r\n* Lastly, for your online pitch I needed to see your faces as you were talking about your product.\r\n* Overall, your invention is very impressive and you both did an excellent job explaining what you created.\r\n\r\nQuestions:\r\n* What problems did you face during the invention process?\r\n* What did you enjoy the most throughout the invention process/\r\n* What was something that took you by surprise while working on your product?,Comments:\r\n\r\n* Nice work! you explained everything very well, you were detailed and thorough in you your online pitch, which helped me out in understanding your thought process.\r\n* I did not get a logbook, so I wasn\'t able to give you any points for that.\r\n* I took some points away for your online pitch because you went over the time limit a little bit.  \r\n* For your prototype, I was hoping for a further explanation of it, and how you knew it worked as a universal piece. \r\n* I took off points in the identifying and understanding category because I was looking for concrete data about how you knew this was a problem. An example might be asking friends that also play guitar to understand if they have the same issue and documenting their responses. \r\n* Overall, you did great at explaining your invention. I really enjoyed learning about the different products already out on the market, and how you would do it a little bit differently.\r\n\r\nQuestions:\r\n* What problems did you face during the invention process?\r\n* What did you enjoy most about the invention process?\r\n* During your research, did you discover anything that surprised you, or that you want to research more? ', 'Team Charger'),
('Lexie McCloskey', 'not submitted \r\n,not submitted\r\n,not submitted,Very insightful and informative proposition. Walked through step by step on each section of the proposal. Appeared to be very knowledgable on every aspect of his invention especially the market outlook of it. My only critique is to be more focused on the point of what you are trying to convey. The point was taken off because the video was over 4 minutes. ,An extremely creative way to get kids more active! It takes virtual reality to a whole new level with the incorporation of exercise!', 'Life Guard'),
('Aaron Czapla', ',,,,							I am unsure if there is a technological issue on my end, but at this point I have no material available to judge.							', 'Grip Rings'),
('Emily Alderman', 'I love the idea of making people more aware of the trash they are producing. How do you see your product impacting the way that people think about the waste they produce?\r\nWere you able to develop a working prototype for your invention?\r\nDo you have any ideas for ways that this product could be used as a public trash receptacle? (ex. in a park or other public space)\r\nI did not see a display board in your video. Do you have one prepared for the event?\r\n,Your product seems very original, are there any current products on the market that  use a similar method to wake people up?\r\nI would love to hear more about the research regarding the usage of light rather than sound to wake people up in the morning. Could you explain your findings on this?\r\n,I love the idea of paying people for recycling because it makes people more motivated. Do you intend for this to work similarly to bottle and can deposits like we have in Michigan or will the money come from another source?\r\nHow do you think this product could impact the way that we recycle? \r\nWhat makes your cardboard compressor unique compared to similar compressors that are currently on the market?\r\n\r\n,In what situations do you see this solar panel being the most useful?\r\nWhat types of products could be charged using your device?\r\nDoes the water impact the functionality of the product?,I would love to learn more about the problem you were facing that led you to developing this product. Could you explain more about the application of your product to problems people face?\r\nWere there any challenges you faced while developing the prototype for your product?\r\n\r\n\r\n\r\n\r\n', 'The Weigh Can'),
('Amanda Segerstrom', '							Would/could there be any application for this device outside of the school setting to make it more marketable to the general public or is this purely for classroom application and safety? \r\n\r\nHave you done any trials during a simulated lock down scenario?\r\n\r\nHave you found any research that suggest not be able to see into a classroom deters an assailant from entering?\r\n\r\n							,Does the cost of this product, at around $200, make it marketable to the population you are targeting (i.e. student)?\r\n\r\nIs this a device that has its own fridge/microwave unit or a device that relies on your existing fridge and or microwave? \r\n,							How does the thermal imaging keep out animals and or people with heat signatures that may be similar to a dog?\r\n\r\nWhat is the power source for this device? Is it a battery? a Wall plug? etc.\r\n\r\nIn the log book you suggest this is a product where items like wires are hidden inside the door, but in your video pitch you said you wanted minimal or no consumer installation? How is the device theoretically installed and is it discrete? \r\n\r\nDoes this device require a sliding glass door? Do you have research to show that this is more viable than a model that opens a hinge door? 							,Do you have a prototype?\r\n\r\nWhat kind of trials or testing have you done on your invention?\r\n\r\nWhat is the cost of your design? \r\n\r\nHow do you make your design available to those that need it? \r\n\r\nHow does your device differ from other types of available water filtration systems?\r\n,', 'Saftey Shade'),
('Rebecca Lee', 'How would this system be maintained?\r\nHow will I know that this is operating correctly?\r\nHow can I ensure that this will work 100% of the time?\r\n,Does this have to be done on a treadmill? Can your footsteps be tracked outside if you wanted to go outside and walk the 400 yards instead?\r\nCould the gamer explore other planets?\r\nHow will this invention keep the gamer engaged? \r\n,How will this product compete amongst other natural remidies to reduce fatigue?\r\nHow many times can this be used a day without being harmful?\r\nHow long will this feeling of energy from your product, last?,No submission,No submission ', 'Rain Water Filter'),
('Boarman Leah', ',The logbook and online pitch don\'t really seem to match up much, so how can you make things a little bit more clear?,,What will this design look like? What materials will you use as protective gear? ,How would you keep this sanitary if in a public setting? If it is not intended for public use, how would you make it more convenient to carry around?', 'Saftey Shade'),
('Chapman Mary', 'Did you examine the difference in cost of the production or accumulation of the new jet fuel in comparison with the old fuel? ,Can you explain how the visual stimulation wakes you up in a more natural way? ,Did you consider the charger overheating causing a fire hazard? If so, how did you change your invention so there was no fire hazards?,,What materials would you use other than duct tape to waterproof the seals on the water filtration device you have created?', 'Biofuel Jet Engine'),
('Peyton Bergmann', 'How feasible would this product be to the middle-class consumer?\r\n\r\nCould you see this product being used on a commercial scale in addition to the mentioned household purposes?\r\n\r\nHow long would you estimate an instillation of this product would take in the average household?,Do you know how much the payout would be per lb of cardboard?\r\n\r\nHow large would this machine be?,How would you explain the importance of this product to the average consumer?\r\n\r\nHow quickly could you see this product being implemented?\r\n\r\n,How expensive do you imagine one of these products being?\r\n\r\nHow difficult would this product be to install?,												What would be the price range for these products?\r\n\r\nHow concealable would they be under regular clothing?\r\n\r\n', 'EcoRinse');

-- --------------------------------------------------------

--
-- Table structure for table `t_students_2021`
--

DROP TABLE IF EXISTS `t_students_2021`;
CREATE TABLE `t_students_2021` (
  `project_team_name` varchar(100) CHARACTER SET utf8mb4 DEFAULT NULL,
  `student_first_name` varchar(100) CHARACTER SET utf8mb4 DEFAULT NULL,
  `student_last_name` varchar(100) CHARACTER SET utf8mb4 DEFAULT NULL,
  `student_grade` varchar(100) CHARACTER SET utf8mb4 DEFAULT NULL,
  `student_school_name` varchar(1000) CHARACTER SET utf8mb4 DEFAULT NULL,
  `student_school_district` varchar(100) CHARACTER SET utf8mb4 DEFAULT NULL
) ENGINE=InnoDB DEFAULT CHARSET=utf8;

--
-- Dumping data for table `t_students_2021`
--

INSERT INTO `t_students_2021` (`project_team_name`, `student_first_name`, `student_last_name`, `student_grade`, `student_school_name`, `student_school_district`) VALUES
('CleanCube', 'Praseeda', 'Munnagi', '3', 'Burns Park Elementary', 'Ann arbor public schools'),
('TAHAteam', 'Preethi', 'Chunduri', NULL, NULL, NULL),
('TAHAteam', 'Yaha', 'Ahmed', '5', 'AAAPS', 'AAAPS'),
('TAHAteam', 'Student', 'Ahmed', '3', 'AAPS', 'AAPS'),
('The SOS Mini', 'Khalid', 'Al-zawawi', '5', 'Michigan Islamic Academy', 'Ann Arbor'),
('The SOS Mini', 'Sammer', 'Moustafa', '5', 'Michigan Islamic Academy', 'Ann Arbor'),
('Rohit Mahesh', 'Rohit', 'Mahesh', '8', 'Pioneer Middle School', 'Plymouth-Canton Community School District'),
('The Mask Hat', 'Liam', 'Spencer', '3', 'Harvest  Elementary', 'Saline '),
('Saline Heritage RoboSwarm', 'Carter', 'Atkinson', '5', 'Heritage School', 'Saline Area Schools'),
('Saline Heritage RoboSwarm', 'Zachary', 'Malott', '5', 'Heritage School', 'Saline Area Schools'),
('Saline Heritage RoboSwarm', 'Myles', 'Ogdahl', '5', 'Heritage School', 'Saline Area Schools'),
('Saline Heritage RoboSwarm', 'Alisha', 'Sachdeva', '5', 'Heritage School', 'Saline Area Schools'),
('Saline Heritage RoboSwarm', 'Quinn', 'Myers', '4', 'Heritage School', 'Saline Area Schools'),
('Saline Heritage RoboSwarm', 'Kavin', 'Arul', '5', 'Heritage School', 'Saline Area Schools'),
('Toby Wright & Efe Akinci', 'Toby', 'Wright', '12', 'Skyline', 'Ann Arbor'),
('Toby Wright & Efe Akinci', 'Efe ', 'Akinci', '', 'Skyline', 'Ann Arbor'),
('ID Pen', 'Sophie', 'Getzen', '12', 'Huron High School', 'Ann Arbor'),
('ID Pen', 'Arman', 'Getzen', '12', 'Huron High School', 'Ann Arbor'),
('Portable Air Filtration Device', 'Owen', 'Sayer', '12', 'Huron High School', 'Ann Arbor '),
('Portable Air Filtration Device', 'James', 'Schrupp', '12', 'Huron High School', 'Ann Arbor '),
('Portable Air Filtration Device', 'Bennett', 'Den Houter', '12', 'Huron High School', 'Ann Arbor'),
('Portable Air Filtration Device', 'Mehmed', 'Uludag', '12', 'Huron High School', 'Ann Arbor'),
('Indoor Eating Bubble', 'Samantha', 'Hastie', '12', 'Huron High School', 'Ann Arbor Public Schools'),
('Indoor Eating Bubble', 'Donovan', 'Smith', '12', 'Huron High School', 'Ann Arbor Public Schools'),
('Indoor Eating Bubble', 'Caterina', 'Hart', '12', 'Huron High School', 'Ann Arbor Public Schools'),
('Indoor Eating Bubble', 'Kathryn', 'Meader', '12', 'Huron High School', 'Ann Arbor Public Schools'),
('AI Music Tracker', 'Isaac', 'Madhavaram', '12', 'Huron High School', 'Ann Arbor Public Schools'),
('AI Music Tracker', 'Michael', 'Hill-Carruthers', '12', 'Huron High School', 'Ann Arbor Public Schools'),
('AI Music Tracker', 'Prathik', 'Guduri', '12', 'Huron High School', 'Ann Arbor Public Schools'),
('AI Music Tracker', 'Josh', 'Cullen', '12', 'Huron High School', 'Ann Arbor Public Schools'),
('Automatic kelp elevator', 'Derek', 'Hwang', '12', 'Huron High School', 'Ann Arbor'),
('Automatic kelp elevator', 'Koen', 'van Nieuwstadt', '12', 'Huron High School', 'Ann Arbor Public Schools'),
('Automatic kelp elevator', 'Lucas ', 'Reading Sunol', '12', 'Huron High School', 'Ann Arbor Public Schools'),
('BeatRunner', 'Evan', 'Ridenour', 'Select Student Grade', 'Huron High', 'Ann Arbor public schools'),
('BeatRunner', 'Peter', 'Stenger', '12', 'Huron High School', 'Ann Arbor Public Schools'),
('BeatRunner', 'Rose', 'Basch', '12', 'Huron High School', 'Ann Arbor Public Schools'),
('BeatRunner', 'Peter (@AAPS.K12)', 'Stenger', '12', 'Huron High School', 'Ann Arbor Public Schools'),
('2 in 1 Mask', 'Kenneth', 'Gaffield', '12', 'Huron High School', 'Ann Arbor Public School'),
('2 in 1 Mask', 'Andre', 'Nguyen', 'Select Student Grade', 'Huron High School', 'Ann Arbor Public School'),
('Auto Door Sanitizer', 'Jackson', 'Den Houter', '12', 'Huron High School', 'Ann Arbor Public Schools'),
('Auto Door Sanitizer', 'Eric', 'Joseph', '12', 'Huron High School', 'Ann Arbor Public Schools'),
('Auto Door Sanitizer', 'Eli', 'Pinals', '12', 'Huron High School', 'Ann Arbor Public Schools'),
('Auto Door Sanitizer', 'Christopher', 'Johnston', '12', 'Huron High School', 'Ann Arbor Public Schools'),
('Skellies', 'Susan ', 'Xi', '12', 'Skyline', 'Ann Arbor'),
('Skellies', 'Ellie', 'Witten', '', 'Skyline', 'Ann Arbor'),
('Riverboat Clinic', 'Axel', 'Avram', '12', 'Huron High School', 'Ann Arbor Public Schools'),
('The Dream Team', 'Natalie', 'Keating', '12', 'Skyline', 'Ann Arbor'),
('The Dream Team', 'Ian', 'Steele', 'Select Student Grade', 'Skyline', 'Ann Arbor'),
('The Dream Team', 'Chloe', 'Durkee', 'Select Student Grade', 'Skyline', 'Ann Arbor'),
('The Dream Team', 'Luke', 'McGinnis', 'Select Student Grade', 'Skyline', 'Ann Arbor'),
('Team Crank', 'Victor', 'Bian', '12', 'Skyline', 'Ann Arbor'),
('Team Crank', 'John ', 'Oginsky', '', 'Skyline', 'Ann Arbor'),
('Team Crank', 'Noah', 'Thompson', '', 'Skyline', 'Ann Arbor'),
('Team Crank', 'Timothy', 'Clatterbuck', 'Select Student Grade', 'Skyline', 'Ann Arbor'),
('Ice Tray', 'Judah', 'Wise', '12', 'Skyline', 'Ann Arbor'),
('Ice Tray', 'Bryan', 'Sabolich-Yi', 'Select Student Grade', 'Skyline', 'Ann Arbor'),
('Ice Tray', 'Paul', 'Tistle', '', 'Skyline', 'Ann Arbor'),
('Ice Tray', 'Darryl', 'Young', '', 'Skyline', 'Ann Arbor'),
('Smart Face Shield', 'Meera', 'Ramaswami', '11', 'Huron High School', 'Ann Arbor Public Schools'),
('Walking Shipping Container Home', 'Emma', 'Kaipainen', '11', 'Ann Arbor Huron High School', 'Ann Arbor Public Schools'),
('Rainwater Energy Generation', 'Cali', 'Streeter', '11', 'Huron High School', 'Ann Arbor Public Schools'),
('W-Arm', 'Elizabeth', 'Soroka', '11', 'Huron High School', 'AAPS'),
('Team Watta-Box', 'Zach', 'Pryor', '12', 'Pioneer', 'Ann Arbor'),
('Virtual Assimilation', 'Owen', 'Connell', '12', 'Skyline', 'Ann Arbor'),
('Blue Light Eye Protection', 'Evan', 'Eisman', '12', 'Skyline', 'Ann Arbor'),
('Austerberry & Takacs', 'Robin', 'Austerberry', 'Select Student Grade', 'Skyline', 'Ann Arbor'),
('Austerberry & Takacs', 'Valeria ', 'Takacs', '12', 'Skyline', 'Ann Arbor'),
('FruitFresh', 'Lena', 'Trang', '12', 'Huron High School', 'Ann Arbor Public Schools'),
('FruitFresh', 'Veda', 'Srinivas', '12', 'Huron High School', 'Ann Arbor Public Schools'),
('FruitFresh', 'Mihika', 'Thakurta', '12', 'Huron High School', 'Ann Arbor Public Schools'),
('The Distance Detector ', 'Akshay', 'Sivakumar', '12', 'Huron Highschool ', 'Ann Arbor School district '),
('The Distance Detector ', 'Hamzah ', 'Al Thani ', '12', 'Huron Highschool ', 'Ann Arbor public school district '),
('Toilet Plunger', 'Easton ', 'Rem', '12', 'Huron High School', 'Ann Arbor Public Schools'),
('Toilet Plunger', 'Dimash', 'Umirbayev', '12', 'Huron High School', 'Ann Arbor Public Schools'),
('Toilet Plunger', 'Zoe', 'Solomon', '12', 'Huron High School', 'Ann Arbor Public Schools'),
('Jump Start', 'Dominic', 'Hines', '12', 'Skyline', 'Ann Arbor'),
('Jump Start', 'Chloe', 'Yang', '12', 'Skyline', 'Ann Arbor'),
('Jump Start', 'Quincy', 'Menz', '12', 'Skyline', 'Ann Arbor'),
('Jump Start', 'Laylah', 'Carrubba', '12', 'Skyline', 'Ann Arbor'),
('Search and Rescue Drone Universal Attachment System (SDUAS)', 'Adam', 'VanderMolen', '11', 'Huron High School', 'Ann Arbor Public Schools '),
('Search and Rescue Drone Universal Attachment System (SDUAS)', 'Sasha ', 'Lee', '11', 'Huron High School', 'Ann Arbor Public Schools '),
('3D Printing Filament Recycling System', 'Aidan', 'Edwards', '11', 'Huron High School', 'Ann Arbor'),
('3D Printing Filament Recycling System', 'Andres', 'Marquez-Collins', NULL, NULL, NULL),
('3D Printing Filament Recycling System', '', '', 'Select Student Grade', '', ''),
('The Cable Connector', 'Vaibhav', 'Ramaseshadri', 'Select Student Grade', 'Huron High School', 'Ann Arbor Public Schools'),
('Cord Clippers of Ypsi', 'Landon', 'McKinney', '9', 'Ypsilanti High School', 'Ypsilanti'),
('Cord Clippers of Ypsi', 'Derek', 'Mitter', '', 'Ypsilanti High School', 'Ypsilanti'),
('Cord Clippers of Ypsi', 'Emily', 'Nguyen', '', 'Ypsilanti High School', 'Ypsilanti'),
('Cord Clippers of Ypsi', 'Paul', 'Kiselev', '', 'Ypsilanti High School', 'Ypsilanti'),
('Ypsi Lint Trap', 'Hailey', 'Jackson-Baker', '9', 'Ypsilanti High School', 'Ypsilanti'),
('Ypsi Lint Trap', 'Julia', ' Walker', '', 'Ypsilanti High School', 'Ypsilanti');

-- --------------------------------------------------------

--
-- Structure for view `stut_tot`
--
DROP TABLE IF EXISTS `stut_tot`;

DROP VIEW IF EXISTS `stut_tot`;
CREATE ALGORITHM=UNDEFINED DEFINER=`emuem001_grading`@`%` SQL SECURITY DEFINER VIEW `stut_tot`  AS SELECT `tbl_judge_assessment`.`id` AS `jaid`, `tbl_judge_assessment`.`team_id` AS `team_id`, `tbl_judge_assessment`.`user_id` AS `user_id`, `tbl_judge_assessment`.`identifying_understanding`+ `tbl_judge_assessment`.`ideating` + `tbl_judge_assessment`.`designing_building` + `tbl_judge_assessment`.`testing_refinging` + `tbl_judge_assessment`.`value_propoition` + `tbl_judge_assessment`.`market_potential` + `tbl_judge_assessment`.`social_value` + `tbl_judge_assessment`.`originality` + `tbl_judge_assessment`.`logbook` + `tbl_judge_assessment`.`prototype` + `tbl_judge_assessment`.`online_pitch` + ifnull(`tbl_judge_assessment`.`live_qa`,0) AS `total` FROM `tbl_judge_assessment` WHERE `tbl_judge_assessment`.`identifying_understanding` is not null AND `tbl_judge_assessment`.`ideating` is not null AND `tbl_judge_assessment`.`designing_building` is not null AND `tbl_judge_assessment`.`testing_refinging` is not null AND `tbl_judge_assessment`.`value_propoition` is not null AND `tbl_judge_assessment`.`market_potential` is not null AND `tbl_judge_assessment`.`social_value` is not null AND `tbl_judge_assessment`.`originality` is not null AND `tbl_judge_assessment`.`logbook` is not null AND `tbl_judge_assessment`.`prototype` is not null AND `tbl_judge_assessment`.`online_pitch` is not nullnot null  ;

--
-- Indexes for dumped tables
--

--
-- Indexes for table `tbl_judge_assessment`
--
ALTER TABLE `tbl_judge_assessment`
  ADD PRIMARY KEY (`id`),
  ADD KEY `user_id` (`user_id`),
  ADD KEY `team_id` (`team_id`);

--
-- Indexes for table `tbl_judge_team`
--
ALTER TABLE `tbl_judge_team`
  ADD PRIMARY KEY (`id`),
  ADD KEY `user_id` (`user_id`),
  ADD KEY `team_id` (`team_id`);

--
-- Indexes for table `tbl_student_mentor`
--
ALTER TABLE `tbl_student_mentor`
  ADD PRIMARY KEY (`id`),
  ADD KEY `fk1_name` (`student_id`),
  ADD KEY `fk2_name` (`mentor_id`);

--
-- Indexes for table `tbl_team`
--
ALTER TABLE `tbl_team`
  ADD PRIMARY KEY (`id`);

--
-- Indexes for table `tbl_team_member`
--
ALTER TABLE `tbl_team_member`
  ADD PRIMARY KEY (`id`),
  ADD KEY `team_id` (`team_id`);

--
-- Indexes for table `tbl_team_member_1`
--
ALTER TABLE `tbl_team_member_1`
  ADD PRIMARY KEY (`id`),
  ADD KEY `team_id` (`team_id`);

--
-- Indexes for table `tbl_team_mentor`
--
ALTER TABLE `tbl_team_mentor`
  ADD PRIMARY KEY (`id`),
  ADD KEY `team_id` (`team_id`),
  ADD KEY `user_id` (`user_id`);

--
-- Indexes for table `tbl_user`
--
ALTER TABLE `tbl_user`
  ADD PRIMARY KEY (`id`);

--
-- AUTO_INCREMENT for dumped tables
--

--
-- AUTO_INCREMENT for table `tbl_judge_assessment`
--
ALTER TABLE `tbl_judge_assessment`
  MODIFY `id` int(10) NOT NULL AUTO_INCREMENT, AUTO_INCREMENT=298;

--
-- AUTO_INCREMENT for table `tbl_judge_team`
--
ALTER TABLE `tbl_judge_team`
  MODIFY `id` int(10) NOT NULL AUTO_INCREMENT, AUTO_INCREMENT=388;

--
-- AUTO_INCREMENT for table `tbl_student_mentor`
--
ALTER TABLE `tbl_student_mentor`
  MODIFY `id` int(11) NOT NULL AUTO_INCREMENT, AUTO_INCREMENT=403;

--
-- AUTO_INCREMENT for table `tbl_team`
--
ALTER TABLE `tbl_team`
  MODIFY `id` int(10) NOT NULL AUTO_INCREMENT, AUTO_INCREMENT=205;

--
-- AUTO_INCREMENT for table `tbl_team_member`
--
ALTER TABLE `tbl_team_member`
  MODIFY `id` int(10) NOT NULL AUTO_INCREMENT, AUTO_INCREMENT=329;

--
-- AUTO_INCREMENT for table `tbl_team_member_1`
--
ALTER TABLE `tbl_team_member_1`
  MODIFY `id` int(10) NOT NULL AUTO_INCREMENT, AUTO_INCREMENT=110;

--
-- AUTO_INCREMENT for table `tbl_team_mentor`
--
ALTER TABLE `tbl_team_mentor`
  MODIFY `id` int(10) NOT NULL AUTO_INCREMENT, AUTO_INCREMENT=204;

--
-- AUTO_INCREMENT for table `tbl_user`
--
ALTER TABLE `tbl_user`
  MODIFY `id` int(10) NOT NULL AUTO_INCREMENT, AUTO_INCREMENT=797;

--
-- Constraints for dumped tables
--

--
-- Constraints for table `tbl_judge_assessment`
--
ALTER TABLE `tbl_judge_assessment`
  ADD CONSTRAINT `tbl_judge_assessment_ibfk_1` FOREIGN KEY (`user_id`) REFERENCES `tbl_user` (`id`),
  ADD CONSTRAINT `tbl_judge_assessment_ibfk_2` FOREIGN KEY (`team_id`) REFERENCES `tbl_team` (`id`);

--
-- Constraints for table `tbl_judge_team`
--
ALTER TABLE `tbl_judge_team`
  ADD CONSTRAINT `fk3_name` FOREIGN KEY (`user_id`) REFERENCES `tbl_user` (`id`) ON DELETE CASCADE,
  ADD CONSTRAINT `tbl_judge_team_ibfk_1` FOREIGN KEY (`user_id`) REFERENCES `tbl_user` (`id`),
  ADD CONSTRAINT `tbl_judge_team_ibfk_2` FOREIGN KEY (`team_id`) REFERENCES `tbl_team` (`id`);

--
-- Constraints for table `tbl_student_mentor`
--
ALTER TABLE `tbl_student_mentor`
  ADD CONSTRAINT `fk1_name` FOREIGN KEY (`student_id`) REFERENCES `tbl_user` (`id`) ON DELETE CASCADE,
  ADD CONSTRAINT `fk2_name` FOREIGN KEY (`mentor_id`) REFERENCES `tbl_user` (`id`) ON DELETE CASCADE;

--
-- Constraints for table `tbl_team_member`
--
ALTER TABLE `tbl_team_member`
  ADD CONSTRAINT `fk5_name` FOREIGN KEY (`team_id`) REFERENCES `tbl_team` (`id`) ON DELETE CASCADE,
  ADD CONSTRAINT `tbl_team_member_ibfk_1` FOREIGN KEY (`team_id`) REFERENCES `tbl_team` (`id`);

--
-- Constraints for table `tbl_team_member_1`
--
ALTER TABLE `tbl_team_member_1`
  ADD CONSTRAINT `tbl_team_member_1_ibfk_1` FOREIGN KEY (`team_id`) REFERENCES `tbl_team` (`id`);

--
-- Constraints for table `tbl_team_mentor`
--
ALTER TABLE `tbl_team_mentor`
  ADD CONSTRAINT `fk4_name` FOREIGN KEY (`team_id`) REFERENCES `tbl_team` (`id`) ON DELETE CASCADE,
  ADD CONSTRAINT `fk_name` FOREIGN KEY (`user_id`) REFERENCES `tbl_user` (`id`) ON DELETE CASCADE,
  ADD CONSTRAINT `tbl_team_mentor_ibfk_1` FOREIGN KEY (`team_id`) REFERENCES `tbl_team` (`id`),
  ADD CONSTRAINT `tbl_team_mentor_ibfk_2` FOREIGN KEY (`user_id`) REFERENCES `tbl_user` (`id`);
COMMIT;

/*!40101 SET CHARACTER_SET_CLIENT=@OLD_CHARACTER_SET_CLIENT */;
/*!40101 SET CHARACTER_SET_RESULTS=@OLD_CHARACTER_SET_RESULTS */;
/*!40101 SET COLLATION_CONNECTION=@OLD_COLLATION_CONNECTION */;
